{
  "totals": {
    "contestants": 893,
    "won": 49,
    "made_ftc": 132,
    "made_merge": 542,
    "found_advantage": 182,
    "won_any_challenge": 826,
    "won_3plus_challenges": 686
  },
  "categories": {
    "gender": {
      "Man": {
        "count": 448,
        "pct_of_contestants": 50.16797312430011,
        "won": 28,
        "pct_of_winners": 57.14285714285714,
        "made_ftc": 68,
        "pct_of_ftc": 51.515151515151516,
        "made_merge": 284,
        "pct_of_merge": 52.398523985239855,
        "found_advantage": 112,
        "pct_of_advantages": 61.53846153846154,
        "won_any_challenge": 418,
        "pct_of_challenge_winners": 50.60532687651331,
        "won_3plus_challenges": 355,
        "pct_of_3plus_winners": 51.74927113702624
      },
      "Woman": {
        "count": 443,
        "pct_of_contestants": 49.608062709966404,
        "won": 21,
        "pct_of_winners": 42.857142857142854,
        "made_ftc": 64,
        "pct_of_ftc": 48.484848484848484,
        "made_merge": 256,
        "pct_of_merge": 47.23247232472325,
        "found_advantage": 69,
        "pct_of_advantages": 37.91208791208791,
        "won_any_challenge": 406,
        "pct_of_challenge_winners": 49.152542372881356,
        "won_3plus_challenges": 329,
        "pct_of_3plus_winners": 47.95918367346938
      }
    },
    "age_bucket": {
      "18-24": {
        "count": 164,
        "pct_of_contestants": 18.365061590145576,
        "won": 8,
        "pct_of_winners": 16.3265306122449,
        "made_ftc": 23,
        "pct_of_ftc": 17.424242424242426,
        "made_merge": 103,
        "pct_of_merge": 19.00369003690037,
        "found_advantage": 23,
        "pct_of_advantages": 12.637362637362637,
        "won_any_challenge": 157,
        "pct_of_challenge_winners": 19.00726392251816,
        "won_3plus_challenges": 133,
        "pct_of_3plus_winners": 19.387755102040817
      },
      "25-29": {
        "count": 251,
        "pct_of_contestants": 28.10750279955207,
        "won": 15,
        "pct_of_winners": 30.612244897959183,
        "made_ftc": 41,
        "pct_of_ftc": 31.060606060606062,
        "made_merge": 155,
        "pct_of_merge": 28.59778597785978,
        "found_advantage": 54,
        "pct_of_advantages": 29.67032967032967,
        "won_any_challenge": 231,
        "pct_of_challenge_winners": 27.966101694915253,
        "won_3plus_challenges": 194,
        "pct_of_3plus_winners": 28.279883381924197
      },
      "30-39": {
        "count": 263,
        "pct_of_contestants": 29.451287793952968,
        "won": 20,
        "pct_of_winners": 40.816326530612244,
        "made_ftc": 36,
        "pct_of_ftc": 27.27272727272727,
        "made_merge": 163,
        "pct_of_merge": 30.073800738007378,
        "found_advantage": 70,
        "pct_of_advantages": 38.46153846153847,
        "won_any_challenge": 245,
        "pct_of_challenge_winners": 29.66101694915254,
        "won_3plus_challenges": 209,
        "pct_of_3plus_winners": 30.466472303207
      },
      "40-49": {
        "count": 147,
        "pct_of_contestants": 16.461366181410973,
        "won": 4,
        "pct_of_winners": 8.16326530612245,
        "made_ftc": 21,
        "pct_of_ftc": 15.909090909090908,
        "made_merge": 81,
        "pct_of_merge": 14.944649446494465,
        "found_advantage": 21,
        "pct_of_advantages": 11.538461538461538,
        "won_any_challenge": 131,
        "pct_of_challenge_winners": 15.859564164648909,
        "won_3plus_challenges": 99,
        "pct_of_3plus_winners": 14.431486880466474
      },
      "50+": {
        "count": 68,
        "pct_of_contestants": 7.61478163493841,
        "won": 2,
        "pct_of_winners": 4.081632653061225,
        "made_ftc": 11,
        "pct_of_ftc": 8.333333333333332,
        "made_merge": 40,
        "pct_of_merge": 7.380073800738007,
        "found_advantage": 14,
        "pct_of_advantages": 7.6923076923076925,
        "won_any_challenge": 62,
        "pct_of_challenge_winners": 7.506053268765134,
        "won_3plus_challenges": 51,
        "pct_of_3plus_winners": 7.434402332361516
      }
    },
    "race_cat": {
      "White": {
        "count": 599,
        "pct_of_contestants": 67.07726763717805,
        "won": 33,
        "pct_of_winners": 67.3469387755102,
        "made_ftc": 90,
        "pct_of_ftc": 68.18181818181817,
        "made_merge": 374,
        "pct_of_merge": 69.00369003690037,
        "found_advantage": 104,
        "pct_of_advantages": 57.14285714285714,
        "won_any_challenge": 554,
        "pct_of_challenge_winners": 67.07021791767555,
        "won_3plus_challenges": 468,
        "pct_of_3plus_winners": 68.22157434402332
      },
      "Black": {
        "count": 143,
        "pct_of_contestants": 16.013437849944008,
        "won": 6,
        "pct_of_winners": 12.244897959183673,
        "made_ftc": 18,
        "pct_of_ftc": 13.636363636363635,
        "made_merge": 80,
        "pct_of_merge": 14.760147601476014,
        "found_advantage": 35,
        "pct_of_advantages": 19.230769230769234,
        "won_any_challenge": 130,
        "pct_of_challenge_winners": 15.738498789346247,
        "won_3plus_challenges": 104,
        "pct_of_3plus_winners": 15.160349854227405
      },
      "Asian": {
        "count": 85,
        "pct_of_contestants": 9.518477043673013,
        "won": 5,
        "pct_of_winners": 10.204081632653061,
        "made_ftc": 12,
        "pct_of_ftc": 9.090909090909092,
        "made_merge": 48,
        "pct_of_merge": 8.856088560885608,
        "found_advantage": 25,
        "pct_of_advantages": 13.736263736263737,
        "won_any_challenge": 79,
        "pct_of_challenge_winners": 9.564164648910412,
        "won_3plus_challenges": 59,
        "pct_of_3plus_winners": 8.60058309037901
      },
      "Latino/Hispanic": {
        "count": 65,
        "pct_of_contestants": 7.278835386338185,
        "won": 5,
        "pct_of_winners": 10.204081632653061,
        "made_ftc": 12,
        "pct_of_ftc": 9.090909090909092,
        "made_merge": 39,
        "pct_of_merge": 7.195571955719557,
        "found_advantage": 18,
        "pct_of_advantages": 9.89010989010989,
        "won_any_challenge": 62,
        "pct_of_challenge_winners": 7.506053268765134,
        "won_3plus_challenges": 54,
        "pct_of_3plus_winners": 7.871720116618077
      }
    },
    "collar": {
      "White collar": {
        "count": 458,
        "pct_of_contestants": 51.28779395296752,
        "won": 26,
        "pct_of_winners": 53.06122448979592,
        "made_ftc": 74,
        "pct_of_ftc": 56.060606060606055,
        "made_merge": 270,
        "pct_of_merge": 49.815498154981555,
        "found_advantage": 101,
        "pct_of_advantages": 55.494505494505496,
        "won_any_challenge": 423,
        "pct_of_challenge_winners": 51.210653753026634,
        "won_3plus_challenges": 351,
        "pct_of_3plus_winners": 51.16618075801749
      },
      "Blue collar": {
        "count": 178,
        "pct_of_contestants": 19.932810750279955,
        "won": 12,
        "pct_of_winners": 24.489795918367346,
        "made_ftc": 24,
        "pct_of_ftc": 18.181818181818183,
        "made_merge": 108,
        "pct_of_merge": 19.92619926199262,
        "found_advantage": 39,
        "pct_of_advantages": 21.428571428571427,
        "won_any_challenge": 165,
        "pct_of_challenge_winners": 19.975786924939467,
        "won_3plus_challenges": 135,
        "pct_of_3plus_winners": 19.67930029154519
      },
      "No collar": {
        "count": 207,
        "pct_of_contestants": 23.180291153415453,
        "won": 10,
        "pct_of_winners": 20.408163265306122,
        "made_ftc": 28,
        "pct_of_ftc": 21.21212121212121,
        "made_merge": 133,
        "pct_of_merge": 24.538745387453876,
        "found_advantage": 33,
        "pct_of_advantages": 18.13186813186813,
        "won_any_challenge": 194,
        "pct_of_challenge_winners": 23.486682808716708,
        "won_3plus_challenges": 161,
        "pct_of_3plus_winners": 23.46938775510204
      }
    },
    "personality_cat": {
      "Introvert": {
        "count": 379,
        "pct_of_contestants": 42.44120940649496,
        "won": 16,
        "pct_of_winners": 32.6530612244898,
        "made_ftc": 48,
        "pct_of_ftc": 36.36363636363637,
        "made_merge": 229,
        "pct_of_merge": 42.25092250922509,
        "found_advantage": 60,
        "pct_of_advantages": 32.967032967032964,
        "won_any_challenge": 349,
        "pct_of_challenge_winners": 42.251815980629544,
        "won_3plus_challenges": 289,
        "pct_of_3plus_winners": 42.12827988338192
      },
      "Extrovert": {
        "count": 496,
        "pct_of_contestants": 55.5431131019037,
        "won": 32,
        "pct_of_winners": 65.3061224489796,
        "made_ftc": 81,
        "pct_of_ftc": 61.36363636363637,
        "made_merge": 302,
        "pct_of_merge": 55.71955719557196,
        "found_advantage": 113,
        "pct_of_advantages": 62.08791208791209,
        "won_any_challenge": 463,
        "pct_of_challenge_winners": 56.05326876513317,
        "won_3plus_challenges": 383,
        "pct_of_3plus_winners": 55.83090379008746
      }
    }
  }
}