{
  "season": 20,
  "version_season": "US20",
  "version": "US",
  "total_castaways": 20,
  "total_tribal_councils": 17,
  "castaways": [
    {
      "id": "US0263",
      "name": "Sugar",
      "full_name": "Jessica Kiper",
      "tribe": "Heroes",
      "tribe_color": "#0156C0",
      "color": "#bd2828",
      "placement": 1,
      "result": "1st voted out"
    },
    {
      "id": "US0144",
      "name": "Stephenie",
      "full_name": "Stephenie LaGrossa",
      "tribe": "Heroes",
      "tribe_color": "#0156C0",
      "color": "#e57a4c",
      "placement": 2,
      "result": "2nd voted out"
    },
    {
      "id": "US0258",
      "name": "Randy",
      "full_name": "Randy Bailey",
      "tribe": "Villains",
      "tribe_color": "#CC0012",
      "color": "#d48611",
      "placement": 3,
      "result": "3rd voted out"
    },
    {
      "id": "US0179",
      "name": "Cirie",
      "full_name": "Cirie Fields",
      "tribe": "Heroes",
      "tribe_color": "#0156C0",
      "color": "#dbce56",
      "placement": 4,
      "result": "4th voted out"
    },
    {
      "id": "US0150",
      "name": "Tom",
      "full_name": "Tom Westman",
      "tribe": "Heroes",
      "tribe_color": "#0156C0",
      "color": "#a6c81c",
      "placement": 5,
      "result": "5th voted out"
    },
    {
      "id": "US0274",
      "name": "Tyson",
      "full_name": "Tyson Apostol",
      "tribe": "Villains",
      "tribe_color": "#CC0012",
      "color": "#99ef42",
      "placement": 6,
      "result": "6th voted out"
    },
    {
      "id": "US0231",
      "name": "James",
      "full_name": "James Clement",
      "tribe": "Heroes",
      "tribe_color": "#0156C0",
      "color": "#45bd28",
      "placement": 7,
      "result": "7th voted out"
    },
    {
      "id": "US0055",
      "name": "Boston Rob",
      "full_name": "Rob Mariano",
      "tribe": "Villains",
      "tribe_color": "#CC0012",
      "color": "#4ce55b",
      "placement": 8,
      "result": "8th voted out"
    },
    {
      "id": "US0277",
      "name": "Coach",
      "full_name": "Benjamin Wade",
      "tribe": "Villains",
      "tribe_color": "#CC0012",
      "color": "#11d45f",
      "placement": 9,
      "result": "9th voted out"
    },
    {
      "id": "US0236",
      "name": "Courtney",
      "full_name": "Courtney Yates",
      "tribe": "Villains",
      "tribe_color": "#CC0012",
      "color": "#56dbb3",
      "placement": 10,
      "result": "10th voted out"
    },
    {
      "id": "US0281",
      "name": "J.T.",
      "full_name": "James Thomas Jr.",
      "tribe": "Heroes",
      "tribe_color": "#0156C0",
      "color": "#1cc8c8",
      "placement": 11,
      "result": "11th voted out"
    },
    {
      "id": "US0235",
      "name": "Amanda",
      "full_name": "Amanda Kimmel",
      "tribe": "Heroes",
      "tribe_color": "#0156C0",
      "color": "#42bbef",
      "placement": 12,
      "result": "12th voted out"
    },
    {
      "id": "US0195",
      "name": "Candice",
      "full_name": "Candice Woodcock",
      "tribe": "Heroes",
      "tribe_color": "#0156C0",
      "color": "#2863bd",
      "placement": 13,
      "result": "13th voted out"
    },
    {
      "id": "US0181",
      "name": "Danielle",
      "full_name": "Danielle DiLorenzo",
      "tribe": "Villains",
      "tribe_color": "#CC0012",
      "color": "#4c5be5",
      "placement": 14,
      "result": "14th voted out"
    },
    {
      "id": "US0107",
      "name": "Rupert",
      "full_name": "Rupert Boneham",
      "tribe": "Heroes",
      "tribe_color": "#0156C0",
      "color": "#3811d4",
      "placement": 15,
      "result": "15th voted out"
    },
    {
      "id": "US0031",
      "name": "Colby",
      "full_name": "Colby Donaldson",
      "tribe": "Heroes",
      "tribe_color": "#0156C0",
      "color": "#9856db",
      "placement": 16,
      "result": "16th voted out"
    },
    {
      "id": "US0025",
      "name": "Jerri",
      "full_name": "Jerri Manthey",
      "tribe": "Villains",
      "tribe_color": "#CC0012",
      "color": "#a61cc8",
      "placement": 17,
      "result": "17th voted out"
    },
    {
      "id": "US0300",
      "name": "Russell",
      "full_name": "Russell Hantz",
      "tribe": "Villains",
      "tribe_color": "#CC0012",
      "color": "#ef42de",
      "placement": 18,
      "result": "2nd runner-up"
    },
    {
      "id": "US0197",
      "name": "Parvati",
      "full_name": "Parvati Shallow",
      "tribe": "Villains",
      "tribe_color": "#CC0012",
      "color": "#bd2881",
      "placement": 19,
      "result": "Runner-up"
    },
    {
      "id": "US0112",
      "name": "Sandra",
      "full_name": "Sandra Diaz-Twine",
      "tribe": "Villains",
      "tribe_color": "#CC0012",
      "color": "#e54c7a",
      "placement": 20,
      "result": "Sole Survivor"
    }
  ],
  "tribes": {
    "Heroes": "#0156C0",
    "Villains": "#CC0012",
    "Yin Yang": "#000000"
  },
  "tribal_councils": [
    {
      "tc_number": 1,
      "episode": 1,
      "day": 3,
      "sog_id": 1,
      "tribe": "Heroes",
      "tribe_color": "#0156C0",
      "tribe_status": "Original",
      "eliminated": "Sugar",
      "eliminated_id": "US0263",
      "eliminated_color": "#bd2828",
      "elimination_type": "voted_out",
      "votes": [
        {
          "voter": "Colby",
          "voter_id": "US0031",
          "voter_color": "#9856db",
          "target": "Sugar",
          "target_id": "US0263",
          "target_color": "#bd2828",
          "vote_round": 1
        },
        {
          "voter": "Rupert",
          "voter_id": "US0107",
          "voter_color": "#3811d4",
          "target": "Sugar",
          "target_id": "US0263",
          "target_color": "#bd2828",
          "vote_round": 1
        },
        {
          "voter": "Stephenie",
          "voter_id": "US0144",
          "voter_color": "#e57a4c",
          "target": "Sugar",
          "target_id": "US0263",
          "target_color": "#bd2828",
          "vote_round": 1
        },
        {
          "voter": "Tom",
          "voter_id": "US0150",
          "voter_color": "#a6c81c",
          "target": "Sugar",
          "target_id": "US0263",
          "target_color": "#bd2828",
          "vote_round": 1
        },
        {
          "voter": "Cirie",
          "voter_id": "US0179",
          "voter_color": "#dbce56",
          "target": "Sugar",
          "target_id": "US0263",
          "target_color": "#bd2828",
          "vote_round": 1
        },
        {
          "voter": "Candice",
          "voter_id": "US0195",
          "voter_color": "#2863bd",
          "target": "Sugar",
          "target_id": "US0263",
          "target_color": "#bd2828",
          "vote_round": 1
        },
        {
          "voter": "James",
          "voter_id": "US0231",
          "voter_color": "#45bd28",
          "target": "Sugar",
          "target_id": "US0263",
          "target_color": "#bd2828",
          "vote_round": 1
        },
        {
          "voter": "Amanda",
          "voter_id": "US0235",
          "voter_color": "#42bbef",
          "target": "Sugar",
          "target_id": "US0263",
          "target_color": "#bd2828",
          "vote_round": 1
        },
        {
          "voter": "Sugar",
          "voter_id": "US0263",
          "voter_color": "#bd2828",
          "target": "Amanda",
          "target_id": "US0235",
          "target_color": "#42bbef",
          "vote_round": 1
        },
        {
          "voter": "J.T.",
          "voter_id": "US0281",
          "voter_color": "#1cc8c8",
          "target": "Sugar",
          "target_id": "US0263",
          "target_color": "#bd2828",
          "vote_round": 1
        }
      ],
      "had_revote": false
    },
    {
      "tc_number": 2,
      "episode": 2,
      "day": 6,
      "sog_id": 2,
      "tribe": "Heroes",
      "tribe_color": "#0156C0",
      "tribe_status": "Original",
      "eliminated": "Stephenie",
      "eliminated_id": "US0144",
      "eliminated_color": "#e57a4c",
      "elimination_type": "voted_out",
      "votes": [
        {
          "voter": "Colby",
          "voter_id": "US0031",
          "voter_color": "#9856db",
          "target": "Amanda",
          "target_id": "US0235",
          "target_color": "#42bbef",
          "vote_round": 1
        },
        {
          "voter": "Rupert",
          "voter_id": "US0107",
          "voter_color": "#3811d4",
          "target": "Stephenie",
          "target_id": "US0144",
          "target_color": "#e57a4c",
          "vote_round": 1
        },
        {
          "voter": "Stephenie",
          "voter_id": "US0144",
          "voter_color": "#e57a4c",
          "target": "Amanda",
          "target_id": "US0235",
          "target_color": "#42bbef",
          "vote_round": 1
        },
        {
          "voter": "Tom",
          "voter_id": "US0150",
          "voter_color": "#a6c81c",
          "target": "Amanda",
          "target_id": "US0235",
          "target_color": "#42bbef",
          "vote_round": 1
        },
        {
          "voter": "Cirie",
          "voter_id": "US0179",
          "voter_color": "#dbce56",
          "target": "Stephenie",
          "target_id": "US0144",
          "target_color": "#e57a4c",
          "vote_round": 1
        },
        {
          "voter": "Candice",
          "voter_id": "US0195",
          "voter_color": "#2863bd",
          "target": "Stephenie",
          "target_id": "US0144",
          "target_color": "#e57a4c",
          "vote_round": 1
        },
        {
          "voter": "James",
          "voter_id": "US0231",
          "voter_color": "#45bd28",
          "target": "Stephenie",
          "target_id": "US0144",
          "target_color": "#e57a4c",
          "vote_round": 1
        },
        {
          "voter": "Amanda",
          "voter_id": "US0235",
          "voter_color": "#42bbef",
          "target": "Stephenie",
          "target_id": "US0144",
          "target_color": "#e57a4c",
          "vote_round": 1
        },
        {
          "voter": "J.T.",
          "voter_id": "US0281",
          "voter_color": "#1cc8c8",
          "target": "Stephenie",
          "target_id": "US0144",
          "target_color": "#e57a4c",
          "vote_round": 1
        }
      ],
      "had_revote": false
    },
    {
      "tc_number": 3,
      "episode": 3,
      "day": 8,
      "sog_id": 3,
      "tribe": "Villains",
      "tribe_color": "#CC0012",
      "tribe_status": "Original",
      "eliminated": "Randy",
      "eliminated_id": "US0258",
      "eliminated_color": "#d48611",
      "elimination_type": "voted_out",
      "votes": [
        {
          "voter": "Jerri",
          "voter_id": "US0025",
          "voter_color": "#a61cc8",
          "target": "Randy",
          "target_id": "US0258",
          "target_color": "#d48611",
          "vote_round": 1
        },
        {
          "voter": "Boston Rob",
          "voter_id": "US0055",
          "voter_color": "#4ce55b",
          "target": "Randy",
          "target_id": "US0258",
          "target_color": "#d48611",
          "vote_round": 1
        },
        {
          "voter": "Sandra",
          "voter_id": "US0112",
          "voter_color": "#e54c7a",
          "target": "Randy",
          "target_id": "US0258",
          "target_color": "#d48611",
          "vote_round": 1
        },
        {
          "voter": "Danielle",
          "voter_id": "US0181",
          "voter_color": "#4c5be5",
          "target": "Randy",
          "target_id": "US0258",
          "target_color": "#d48611",
          "vote_round": 1
        },
        {
          "voter": "Parvati",
          "voter_id": "US0197",
          "voter_color": "#bd2881",
          "target": "Randy",
          "target_id": "US0258",
          "target_color": "#d48611",
          "vote_round": 1
        },
        {
          "voter": "Courtney",
          "voter_id": "US0236",
          "voter_color": "#56dbb3",
          "target": "Randy",
          "target_id": "US0258",
          "target_color": "#d48611",
          "vote_round": 1
        },
        {
          "voter": "Randy",
          "voter_id": "US0258",
          "voter_color": "#d48611",
          "target": "Boston Rob",
          "target_id": "US0055",
          "target_color": "#4ce55b",
          "vote_round": 1
        },
        {
          "voter": "Tyson",
          "voter_id": "US0274",
          "voter_color": "#99ef42",
          "target": "Randy",
          "target_id": "US0258",
          "target_color": "#d48611",
          "vote_round": 1
        },
        {
          "voter": "Coach",
          "voter_id": "US0277",
          "voter_color": "#11d45f",
          "target": "Randy",
          "target_id": "US0258",
          "target_color": "#d48611",
          "vote_round": 1
        },
        {
          "voter": "Russell",
          "voter_id": "US0300",
          "voter_color": "#ef42de",
          "target": "Randy",
          "target_id": "US0258",
          "target_color": "#d48611",
          "vote_round": 1
        }
      ],
      "had_revote": false
    },
    {
      "tc_number": 4,
      "episode": 4,
      "day": 11,
      "sog_id": 4,
      "tribe": "Heroes",
      "tribe_color": "#0156C0",
      "tribe_status": "Original",
      "eliminated": "Cirie",
      "eliminated_id": "US0179",
      "eliminated_color": "#dbce56",
      "elimination_type": "voted_out",
      "votes": [
        {
          "voter": "Colby",
          "voter_id": "US0031",
          "voter_color": "#9856db",
          "target": "Cirie",
          "target_id": "US0179",
          "target_color": "#dbce56",
          "vote_round": 1
        },
        {
          "voter": "Rupert",
          "voter_id": "US0107",
          "voter_color": "#3811d4",
          "target": "Colby",
          "target_id": "US0031",
          "target_color": "#9856db",
          "vote_round": 1
        },
        {
          "voter": "Tom",
          "voter_id": "US0150",
          "voter_color": "#a6c81c",
          "target": "Cirie",
          "target_id": "US0179",
          "target_color": "#dbce56",
          "vote_round": 1
        },
        {
          "voter": "Cirie",
          "voter_id": "US0179",
          "voter_color": "#dbce56",
          "target": "Tom",
          "target_id": "US0150",
          "target_color": "#a6c81c",
          "vote_round": 1
        },
        {
          "voter": "Candice",
          "voter_id": "US0195",
          "voter_color": "#2863bd",
          "target": "Tom",
          "target_id": "US0150",
          "target_color": "#a6c81c",
          "vote_round": 1
        },
        {
          "voter": "James",
          "voter_id": "US0231",
          "voter_color": "#45bd28",
          "target": "Colby",
          "target_id": "US0031",
          "target_color": "#9856db",
          "vote_round": 1
        },
        {
          "voter": "Amanda",
          "voter_id": "US0235",
          "voter_color": "#42bbef",
          "target": "Tom",
          "target_id": "US0150",
          "target_color": "#a6c81c",
          "vote_round": 1
        },
        {
          "voter": "J.T.",
          "voter_id": "US0281",
          "voter_color": "#1cc8c8",
          "target": "Cirie",
          "target_id": "US0179",
          "target_color": "#dbce56",
          "vote_round": 1
        }
      ],
      "had_revote": false
    },
    {
      "tc_number": 5,
      "episode": 5,
      "day": 14,
      "sog_id": 5,
      "tribe": "Heroes",
      "tribe_color": "#0156C0",
      "tribe_status": "Original",
      "eliminated": "Tom",
      "eliminated_id": "US0150",
      "eliminated_color": "#a6c81c",
      "elimination_type": "voted_out",
      "votes": [
        {
          "voter": "Colby",
          "voter_id": "US0031",
          "voter_color": "#9856db",
          "target": "James",
          "target_id": "US0231",
          "target_color": "#45bd28",
          "vote_round": 1
        },
        {
          "voter": "Rupert",
          "voter_id": "US0107",
          "voter_color": "#3811d4",
          "target": "Tom",
          "target_id": "US0150",
          "target_color": "#a6c81c",
          "vote_round": 1
        },
        {
          "voter": "Tom",
          "voter_id": "US0150",
          "voter_color": "#a6c81c",
          "target": "James",
          "target_id": "US0231",
          "target_color": "#45bd28",
          "vote_round": 1
        },
        {
          "voter": "Candice",
          "voter_id": "US0195",
          "voter_color": "#2863bd",
          "target": "Tom",
          "target_id": "US0150",
          "target_color": "#a6c81c",
          "vote_round": 1
        },
        {
          "voter": "James",
          "voter_id": "US0231",
          "voter_color": "#45bd28",
          "target": "Tom",
          "target_id": "US0150",
          "target_color": "#a6c81c",
          "vote_round": 1
        },
        {
          "voter": "Amanda",
          "voter_id": "US0235",
          "voter_color": "#42bbef",
          "target": "Tom",
          "target_id": "US0150",
          "target_color": "#a6c81c",
          "vote_round": 1
        },
        {
          "voter": "J.T.",
          "voter_id": "US0281",
          "voter_color": "#1cc8c8",
          "target": "Tom",
          "target_id": "US0150",
          "target_color": "#a6c81c",
          "vote_round": 1
        }
      ],
      "had_revote": false
    },
    {
      "tc_number": 6,
      "episode": 6,
      "day": 15,
      "sog_id": 6,
      "tribe": "Villains",
      "tribe_color": "#CC0012",
      "tribe_status": "Original",
      "eliminated": "Tyson",
      "eliminated_id": "US0274",
      "eliminated_color": "#99ef42",
      "elimination_type": "voted_out",
      "votes": [
        {
          "voter": "Jerri",
          "voter_id": "US0025",
          "voter_color": "#a61cc8",
          "target": "Parvati",
          "target_id": "US0197",
          "target_color": "#bd2881",
          "vote_round": 1
        },
        {
          "voter": "Boston Rob",
          "voter_id": "US0055",
          "voter_color": "#4ce55b",
          "target": "Russell",
          "target_id": "US0300",
          "target_color": "#ef42de",
          "vote_round": 1
        },
        {
          "voter": "Sandra",
          "voter_id": "US0112",
          "voter_color": "#e54c7a",
          "target": "Russell",
          "target_id": "US0300",
          "target_color": "#ef42de",
          "vote_round": 1
        },
        {
          "voter": "Danielle",
          "voter_id": "US0181",
          "voter_color": "#4c5be5",
          "target": "Tyson",
          "target_id": "US0274",
          "target_color": "#99ef42",
          "vote_round": 1
        },
        {
          "voter": "Parvati",
          "voter_id": "US0197",
          "voter_color": "#bd2881",
          "target": "Tyson",
          "target_id": "US0274",
          "target_color": "#99ef42",
          "vote_round": 1
        },
        {
          "voter": "Courtney",
          "voter_id": "US0236",
          "voter_color": "#56dbb3",
          "target": "Parvati",
          "target_id": "US0197",
          "target_color": "#bd2881",
          "vote_round": 1
        },
        {
          "voter": "Tyson",
          "voter_id": "US0274",
          "voter_color": "#99ef42",
          "target": "Parvati",
          "target_id": "US0197",
          "target_color": "#bd2881",
          "vote_round": 1
        },
        {
          "voter": "Coach",
          "voter_id": "US0277",
          "voter_color": "#11d45f",
          "target": "Parvati",
          "target_id": "US0197",
          "target_color": "#bd2881",
          "vote_round": 1
        },
        {
          "voter": "Russell",
          "voter_id": "US0300",
          "voter_color": "#ef42de",
          "target": "Tyson",
          "target_id": "US0274",
          "target_color": "#99ef42",
          "vote_round": 1
        }
      ],
      "had_revote": false
    },
    {
      "tc_number": 7,
      "episode": 6,
      "day": 15,
      "sog_id": 7,
      "tribe": "Heroes",
      "tribe_color": "#0156C0",
      "tribe_status": "Original",
      "eliminated": "James",
      "eliminated_id": "US0231",
      "eliminated_color": "#45bd28",
      "elimination_type": "voted_out",
      "votes": [
        {
          "voter": "Colby",
          "voter_id": "US0031",
          "voter_color": "#9856db",
          "target": "James",
          "target_id": "US0231",
          "target_color": "#45bd28",
          "vote_round": 1
        },
        {
          "voter": "Rupert",
          "voter_id": "US0107",
          "voter_color": "#3811d4",
          "target": "James",
          "target_id": "US0231",
          "target_color": "#45bd28",
          "vote_round": 1
        },
        {
          "voter": "Candice",
          "voter_id": "US0195",
          "voter_color": "#2863bd",
          "target": "James",
          "target_id": "US0231",
          "target_color": "#45bd28",
          "vote_round": 1
        },
        {
          "voter": "James",
          "voter_id": "US0231",
          "voter_color": "#45bd28",
          "target": "Colby",
          "target_id": "US0031",
          "target_color": "#9856db",
          "vote_round": 1
        },
        {
          "voter": "J.T.",
          "voter_id": "US0281",
          "voter_color": "#1cc8c8",
          "target": "James",
          "target_id": "US0231",
          "target_color": "#45bd28",
          "vote_round": 1
        }
      ],
      "had_revote": false
    },
    {
      "tc_number": 8,
      "episode": 7,
      "day": 18,
      "sog_id": 8,
      "tribe": "Villains",
      "tribe_color": "#CC0012",
      "tribe_status": "Original",
      "eliminated": "Boston Rob",
      "eliminated_id": "US0055",
      "eliminated_color": "#4ce55b",
      "elimination_type": "voted_out",
      "votes": [
        {
          "voter": "Jerri",
          "voter_id": "US0025",
          "voter_color": "#a61cc8",
          "target": "Boston Rob",
          "target_id": "US0055",
          "target_color": "#4ce55b",
          "vote_round": 1
        },
        {
          "voter": "Boston Rob",
          "voter_id": "US0055",
          "voter_color": "#4ce55b",
          "target": "Russell",
          "target_id": "US0300",
          "target_color": "#ef42de",
          "vote_round": 1
        },
        {
          "voter": "Sandra",
          "voter_id": "US0112",
          "voter_color": "#e54c7a",
          "target": "Russell",
          "target_id": "US0300",
          "target_color": "#ef42de",
          "vote_round": 1
        },
        {
          "voter": "Danielle",
          "voter_id": "US0181",
          "voter_color": "#4c5be5",
          "target": "Boston Rob",
          "target_id": "US0055",
          "target_color": "#4ce55b",
          "vote_round": 1
        },
        {
          "voter": "Parvati",
          "voter_id": "US0197",
          "voter_color": "#bd2881",
          "target": "Boston Rob",
          "target_id": "US0055",
          "target_color": "#4ce55b",
          "vote_round": 1
        },
        {
          "voter": "Courtney",
          "voter_id": "US0236",
          "voter_color": "#56dbb3",
          "target": "Russell",
          "target_id": "US0300",
          "target_color": "#ef42de",
          "vote_round": 1
        },
        {
          "voter": "Coach",
          "voter_id": "US0277",
          "voter_color": "#11d45f",
          "target": "Courtney",
          "target_id": "US0236",
          "target_color": "#56dbb3",
          "vote_round": 1
        },
        {
          "voter": "Russell",
          "voter_id": "US0300",
          "voter_color": "#ef42de",
          "target": "Boston Rob",
          "target_id": "US0055",
          "target_color": "#4ce55b",
          "vote_round": 1
        }
      ],
      "had_revote": false
    },
    {
      "tc_number": 9,
      "episode": 8,
      "day": 21,
      "sog_id": 9,
      "tribe": "Villains",
      "tribe_color": "#CC0012",
      "tribe_status": "Original",
      "eliminated": "Coach",
      "eliminated_id": "US0277",
      "eliminated_color": "#11d45f",
      "elimination_type": "voted_out",
      "votes": [
        {
          "voter": "Jerri",
          "voter_id": "US0025",
          "voter_color": "#a61cc8",
          "target": "Courtney",
          "target_id": "US0236",
          "target_color": "#56dbb3",
          "vote_round": 1
        },
        {
          "voter": "Sandra",
          "voter_id": "US0112",
          "voter_color": "#e54c7a",
          "target": "Coach",
          "target_id": "US0277",
          "target_color": "#11d45f",
          "vote_round": 1
        },
        {
          "voter": "Danielle",
          "voter_id": "US0181",
          "voter_color": "#4c5be5",
          "target": "Coach",
          "target_id": "US0277",
          "target_color": "#11d45f",
          "vote_round": 1
        },
        {
          "voter": "Parvati",
          "voter_id": "US0197",
          "voter_color": "#bd2881",
          "target": "Coach",
          "target_id": "US0277",
          "target_color": "#11d45f",
          "vote_round": 1
        },
        {
          "voter": "Courtney",
          "voter_id": "US0236",
          "voter_color": "#56dbb3",
          "target": "Coach",
          "target_id": "US0277",
          "target_color": "#11d45f",
          "vote_round": 1
        },
        {
          "voter": "Coach",
          "voter_id": "US0277",
          "voter_color": "#11d45f",
          "target": "Courtney",
          "target_id": "US0236",
          "target_color": "#56dbb3",
          "vote_round": 1
        },
        {
          "voter": "Russell",
          "voter_id": "US0300",
          "voter_color": "#ef42de",
          "target": "Courtney",
          "target_id": "US0236",
          "target_color": "#56dbb3",
          "vote_round": 1
        }
      ],
      "had_revote": false
    },
    {
      "tc_number": 10,
      "episode": 9,
      "day": 24,
      "sog_id": 10,
      "tribe": "Villains",
      "tribe_color": "#CC0012",
      "tribe_status": "Original",
      "eliminated": "Courtney",
      "eliminated_id": "US0236",
      "eliminated_color": "#56dbb3",
      "elimination_type": "voted_out",
      "votes": [
        {
          "voter": "Jerri",
          "voter_id": "US0025",
          "voter_color": "#a61cc8",
          "target": "Courtney",
          "target_id": "US0236",
          "target_color": "#56dbb3",
          "vote_round": 1
        },
        {
          "voter": "Sandra",
          "voter_id": "US0112",
          "voter_color": "#e54c7a",
          "target": "Courtney",
          "target_id": "US0236",
          "target_color": "#56dbb3",
          "vote_round": 1
        },
        {
          "voter": "Danielle",
          "voter_id": "US0181",
          "voter_color": "#4c5be5",
          "target": "Courtney",
          "target_id": "US0236",
          "target_color": "#56dbb3",
          "vote_round": 1
        },
        {
          "voter": "Parvati",
          "voter_id": "US0197",
          "voter_color": "#bd2881",
          "target": "Courtney",
          "target_id": "US0236",
          "target_color": "#56dbb3",
          "vote_round": 1
        },
        {
          "voter": "Courtney",
          "voter_id": "US0236",
          "voter_color": "#56dbb3",
          "target": "Jerri",
          "target_id": "US0025",
          "target_color": "#a61cc8",
          "vote_round": 1
        },
        {
          "voter": "Russell",
          "voter_id": "US0300",
          "voter_color": "#ef42de",
          "target": "Courtney",
          "target_id": "US0236",
          "target_color": "#56dbb3",
          "vote_round": 1
        }
      ],
      "had_revote": false
    },
    {
      "tc_number": 11,
      "episode": 10,
      "day": 27,
      "sog_id": 11,
      "tribe": "Yin Yang",
      "tribe_color": "#000000",
      "tribe_status": "Merged",
      "eliminated": "J.T.",
      "eliminated_id": "US0281",
      "eliminated_color": "#1cc8c8",
      "elimination_type": "voted_out",
      "votes": [
        {
          "voter": "Jerri",
          "voter_id": "US0025",
          "voter_color": "#a61cc8",
          "target": "J.T.",
          "target_id": "US0281",
          "target_color": "#1cc8c8",
          "vote_round": 1
        },
        {
          "voter": "Colby",
          "voter_id": "US0031",
          "voter_color": "#9856db",
          "target": "Jerri",
          "target_id": "US0025",
          "target_color": "#a61cc8",
          "vote_round": 1
        },
        {
          "voter": "Rupert",
          "voter_id": "US0107",
          "voter_color": "#3811d4",
          "target": "Jerri",
          "target_id": "US0025",
          "target_color": "#a61cc8",
          "vote_round": 1
        },
        {
          "voter": "Sandra",
          "voter_id": "US0112",
          "voter_color": "#e54c7a",
          "target": "J.T.",
          "target_id": "US0281",
          "target_color": "#1cc8c8",
          "vote_round": 1
        },
        {
          "voter": "Danielle",
          "voter_id": "US0181",
          "voter_color": "#4c5be5",
          "target": "J.T.",
          "target_id": "US0281",
          "target_color": "#1cc8c8",
          "vote_round": 1
        },
        {
          "voter": "Candice",
          "voter_id": "US0195",
          "voter_color": "#2863bd",
          "target": "Jerri",
          "target_id": "US0025",
          "target_color": "#a61cc8",
          "vote_round": 1
        },
        {
          "voter": "Parvati",
          "voter_id": "US0197",
          "voter_color": "#bd2881",
          "target": "J.T.",
          "target_id": "US0281",
          "target_color": "#1cc8c8",
          "vote_round": 1
        },
        {
          "voter": "Amanda",
          "voter_id": "US0235",
          "voter_color": "#42bbef",
          "target": "Jerri",
          "target_id": "US0025",
          "target_color": "#a61cc8",
          "vote_round": 1
        },
        {
          "voter": "J.T.",
          "voter_id": "US0281",
          "voter_color": "#1cc8c8",
          "target": "Jerri",
          "target_id": "US0025",
          "target_color": "#a61cc8",
          "vote_round": 1
        },
        {
          "voter": "Russell",
          "voter_id": "US0300",
          "voter_color": "#ef42de",
          "target": "J.T.",
          "target_id": "US0281",
          "target_color": "#1cc8c8",
          "vote_round": 1
        }
      ],
      "had_revote": false
    },
    {
      "tc_number": 12,
      "episode": 11,
      "day": 30,
      "sog_id": 12,
      "tribe": "Yin Yang",
      "tribe_color": "#000000",
      "tribe_status": "Merged",
      "eliminated": "Amanda",
      "eliminated_id": "US0235",
      "eliminated_color": "#42bbef",
      "elimination_type": "voted_out",
      "votes": [
        {
          "voter": "Jerri",
          "voter_id": "US0025",
          "voter_color": "#a61cc8",
          "target": "Amanda",
          "target_id": "US0235",
          "target_color": "#42bbef",
          "vote_round": 1
        },
        {
          "voter": "Colby",
          "voter_id": "US0031",
          "voter_color": "#9856db",
          "target": "Parvati",
          "target_id": "US0197",
          "target_color": "#bd2881",
          "vote_round": 1
        },
        {
          "voter": "Rupert",
          "voter_id": "US0107",
          "voter_color": "#3811d4",
          "target": "Parvati",
          "target_id": "US0197",
          "target_color": "#bd2881",
          "vote_round": 1
        },
        {
          "voter": "Sandra",
          "voter_id": "US0112",
          "voter_color": "#e54c7a",
          "target": "Amanda",
          "target_id": "US0235",
          "target_color": "#42bbef",
          "vote_round": 1
        },
        {
          "voter": "Danielle",
          "voter_id": "US0181",
          "voter_color": "#4c5be5",
          "target": "Amanda",
          "target_id": "US0235",
          "target_color": "#42bbef",
          "vote_round": 1
        },
        {
          "voter": "Candice",
          "voter_id": "US0195",
          "voter_color": "#2863bd",
          "target": "Amanda",
          "target_id": "US0235",
          "target_color": "#42bbef",
          "vote_round": 1
        },
        {
          "voter": "Parvati",
          "voter_id": "US0197",
          "voter_color": "#bd2881",
          "target": "Amanda",
          "target_id": "US0235",
          "target_color": "#42bbef",
          "vote_round": 1
        },
        {
          "voter": "Amanda",
          "voter_id": "US0235",
          "voter_color": "#42bbef",
          "target": "Parvati",
          "target_id": "US0197",
          "target_color": "#bd2881",
          "vote_round": 1
        },
        {
          "voter": "Russell",
          "voter_id": "US0300",
          "voter_color": "#ef42de",
          "target": "Amanda",
          "target_id": "US0235",
          "target_color": "#42bbef",
          "vote_round": 1
        }
      ],
      "had_revote": false
    },
    {
      "tc_number": 13,
      "episode": 12,
      "day": 31,
      "sog_id": 13,
      "tribe": "Yin Yang",
      "tribe_color": "#000000",
      "tribe_status": "Merged",
      "eliminated": "Candice",
      "eliminated_id": "US0195",
      "eliminated_color": "#2863bd",
      "elimination_type": "voted_out",
      "votes": [
        {
          "voter": "Jerri",
          "voter_id": "US0025",
          "voter_color": "#a61cc8",
          "target": "Candice",
          "target_id": "US0195",
          "target_color": "#2863bd",
          "vote_round": 1
        },
        {
          "voter": "Colby",
          "voter_id": "US0031",
          "voter_color": "#9856db",
          "target": "Candice",
          "target_id": "US0195",
          "target_color": "#2863bd",
          "vote_round": 1
        },
        {
          "voter": "Rupert",
          "voter_id": "US0107",
          "voter_color": "#3811d4",
          "target": "Candice",
          "target_id": "US0195",
          "target_color": "#2863bd",
          "vote_round": 1
        },
        {
          "voter": "Sandra",
          "voter_id": "US0112",
          "voter_color": "#e54c7a",
          "target": "Candice",
          "target_id": "US0195",
          "target_color": "#2863bd",
          "vote_round": 1
        },
        {
          "voter": "Danielle",
          "voter_id": "US0181",
          "voter_color": "#4c5be5",
          "target": "Rupert",
          "target_id": "US0107",
          "target_color": "#3811d4",
          "vote_round": 1
        },
        {
          "voter": "Candice",
          "voter_id": "US0195",
          "voter_color": "#2863bd",
          "target": "Rupert",
          "target_id": "US0107",
          "target_color": "#3811d4",
          "vote_round": 1
        },
        {
          "voter": "Parvati",
          "voter_id": "US0197",
          "voter_color": "#bd2881",
          "target": "Rupert",
          "target_id": "US0107",
          "target_color": "#3811d4",
          "vote_round": 1
        },
        {
          "voter": "Russell",
          "voter_id": "US0300",
          "voter_color": "#ef42de",
          "target": "Candice",
          "target_id": "US0195",
          "target_color": "#2863bd",
          "vote_round": 1
        }
      ],
      "had_revote": false
    },
    {
      "tc_number": 14,
      "episode": 12,
      "day": 33,
      "sog_id": 14,
      "tribe": "Yin Yang",
      "tribe_color": "#000000",
      "tribe_status": "Merged",
      "eliminated": "Danielle",
      "eliminated_id": "US0181",
      "eliminated_color": "#4c5be5",
      "elimination_type": "voted_out",
      "votes": [
        {
          "voter": "Jerri",
          "voter_id": "US0025",
          "voter_color": "#a61cc8",
          "target": "Danielle",
          "target_id": "US0181",
          "target_color": "#4c5be5",
          "vote_round": 1
        },
        {
          "voter": "Colby",
          "voter_id": "US0031",
          "voter_color": "#9856db",
          "target": "Danielle",
          "target_id": "US0181",
          "target_color": "#4c5be5",
          "vote_round": 1
        },
        {
          "voter": "Rupert",
          "voter_id": "US0107",
          "voter_color": "#3811d4",
          "target": "Danielle",
          "target_id": "US0181",
          "target_color": "#4c5be5",
          "vote_round": 1
        },
        {
          "voter": "Sandra",
          "voter_id": "US0112",
          "voter_color": "#e54c7a",
          "target": "Rupert",
          "target_id": "US0107",
          "target_color": "#3811d4",
          "vote_round": 1
        },
        {
          "voter": "Danielle",
          "voter_id": "US0181",
          "voter_color": "#4c5be5",
          "target": "Rupert",
          "target_id": "US0107",
          "target_color": "#3811d4",
          "vote_round": 1
        },
        {
          "voter": "Parvati",
          "voter_id": "US0197",
          "voter_color": "#bd2881",
          "target": "Rupert",
          "target_id": "US0107",
          "target_color": "#3811d4",
          "vote_round": 1
        },
        {
          "voter": "Russell",
          "voter_id": "US0300",
          "voter_color": "#ef42de",
          "target": "Danielle",
          "target_id": "US0181",
          "target_color": "#4c5be5",
          "vote_round": 1
        }
      ],
      "had_revote": false
    },
    {
      "tc_number": 15,
      "episode": 13,
      "day": 36,
      "sog_id": 15,
      "tribe": "Yin Yang",
      "tribe_color": "#000000",
      "tribe_status": "Merged",
      "eliminated": "Rupert",
      "eliminated_id": "US0107",
      "eliminated_color": "#3811d4",
      "elimination_type": "voted_out",
      "votes": [
        {
          "voter": "Jerri",
          "voter_id": "US0025",
          "voter_color": "#a61cc8",
          "target": "Rupert",
          "target_id": "US0107",
          "target_color": "#3811d4",
          "vote_round": 1
        },
        {
          "voter": "Colby",
          "voter_id": "US0031",
          "voter_color": "#9856db",
          "target": "Sandra",
          "target_id": "US0112",
          "target_color": "#e54c7a",
          "vote_round": 1
        },
        {
          "voter": "Rupert",
          "voter_id": "US0107",
          "voter_color": "#3811d4",
          "target": "Sandra",
          "target_id": "US0112",
          "target_color": "#e54c7a",
          "vote_round": 1
        },
        {
          "voter": "Sandra",
          "voter_id": "US0112",
          "voter_color": "#e54c7a",
          "target": "Rupert",
          "target_id": "US0107",
          "target_color": "#3811d4",
          "vote_round": 1
        },
        {
          "voter": "Parvati",
          "voter_id": "US0197",
          "voter_color": "#bd2881",
          "target": "Rupert",
          "target_id": "US0107",
          "target_color": "#3811d4",
          "vote_round": 1
        },
        {
          "voter": "Russell",
          "voter_id": "US0300",
          "voter_color": "#ef42de",
          "target": "Rupert",
          "target_id": "US0107",
          "target_color": "#3811d4",
          "vote_round": 1
        }
      ],
      "had_revote": false
    },
    {
      "tc_number": 16,
      "episode": 14,
      "day": 37,
      "sog_id": 16,
      "tribe": "Yin Yang",
      "tribe_color": "#000000",
      "tribe_status": "Merged",
      "eliminated": "Colby",
      "eliminated_id": "US0031",
      "eliminated_color": "#9856db",
      "elimination_type": "voted_out",
      "votes": [
        {
          "voter": "Jerri",
          "voter_id": "US0025",
          "voter_color": "#a61cc8",
          "target": "Colby",
          "target_id": "US0031",
          "target_color": "#9856db",
          "vote_round": 1
        },
        {
          "voter": "Colby",
          "voter_id": "US0031",
          "voter_color": "#9856db",
          "target": "Sandra",
          "target_id": "US0112",
          "target_color": "#e54c7a",
          "vote_round": 1
        },
        {
          "voter": "Sandra",
          "voter_id": "US0112",
          "voter_color": "#e54c7a",
          "target": "Colby",
          "target_id": "US0031",
          "target_color": "#9856db",
          "vote_round": 1
        },
        {
          "voter": "Parvati",
          "voter_id": "US0197",
          "voter_color": "#bd2881",
          "target": "Colby",
          "target_id": "US0031",
          "target_color": "#9856db",
          "vote_round": 1
        },
        {
          "voter": "Russell",
          "voter_id": "US0300",
          "voter_color": "#ef42de",
          "target": "Colby",
          "target_id": "US0031",
          "target_color": "#9856db",
          "vote_round": 1
        }
      ],
      "had_revote": false
    },
    {
      "tc_number": 17,
      "episode": 14,
      "day": 38,
      "sog_id": 17,
      "tribe": "Yin Yang",
      "tribe_color": "#000000",
      "tribe_status": "Merged",
      "eliminated": "Jerri",
      "eliminated_id": "US0025",
      "eliminated_color": "#a61cc8",
      "elimination_type": "voted_out",
      "votes": [
        {
          "voter": "Jerri",
          "voter_id": "US0025",
          "voter_color": "#a61cc8",
          "target": "Parvati",
          "target_id": "US0197",
          "target_color": "#bd2881",
          "vote_round": 1
        },
        {
          "voter": "Sandra",
          "voter_id": "US0112",
          "voter_color": "#e54c7a",
          "target": "Jerri",
          "target_id": "US0025",
          "target_color": "#a61cc8",
          "vote_round": 1
        },
        {
          "voter": "Parvati",
          "voter_id": "US0197",
          "voter_color": "#bd2881",
          "target": "Jerri",
          "target_id": "US0025",
          "target_color": "#a61cc8",
          "vote_round": 1
        },
        {
          "voter": "Russell",
          "voter_id": "US0300",
          "voter_color": "#ef42de",
          "target": "Jerri",
          "target_id": "US0025",
          "target_color": "#a61cc8",
          "vote_round": 1
        }
      ],
      "had_revote": false
    }
  ],
  "boot_order": [
    {
      "name": "Sugar",
      "id": "US0263",
      "color": "#bd2828",
      "tc_number": 1,
      "placement": 1,
      "elimination_type": "voted_out"
    },
    {
      "name": "Stephenie",
      "id": "US0144",
      "color": "#e57a4c",
      "tc_number": 2,
      "placement": 2,
      "elimination_type": "voted_out"
    },
    {
      "name": "Randy",
      "id": "US0258",
      "color": "#d48611",
      "tc_number": 3,
      "placement": 3,
      "elimination_type": "voted_out"
    },
    {
      "name": "Cirie",
      "id": "US0179",
      "color": "#dbce56",
      "tc_number": 4,
      "placement": 4,
      "elimination_type": "voted_out"
    },
    {
      "name": "Tom",
      "id": "US0150",
      "color": "#a6c81c",
      "tc_number": 5,
      "placement": 5,
      "elimination_type": "voted_out"
    },
    {
      "name": "Tyson",
      "id": "US0274",
      "color": "#99ef42",
      "tc_number": 6,
      "placement": 6,
      "elimination_type": "voted_out"
    },
    {
      "name": "James",
      "id": "US0231",
      "color": "#45bd28",
      "tc_number": 7,
      "placement": 7,
      "elimination_type": "voted_out"
    },
    {
      "name": "Boston Rob",
      "id": "US0055",
      "color": "#4ce55b",
      "tc_number": 8,
      "placement": 8,
      "elimination_type": "voted_out"
    },
    {
      "name": "Coach",
      "id": "US0277",
      "color": "#11d45f",
      "tc_number": 9,
      "placement": 9,
      "elimination_type": "voted_out"
    },
    {
      "name": "Courtney",
      "id": "US0236",
      "color": "#56dbb3",
      "tc_number": 10,
      "placement": 10,
      "elimination_type": "voted_out"
    },
    {
      "name": "J.T.",
      "id": "US0281",
      "color": "#1cc8c8",
      "tc_number": 11,
      "placement": 11,
      "elimination_type": "voted_out"
    },
    {
      "name": "Amanda",
      "id": "US0235",
      "color": "#42bbef",
      "tc_number": 12,
      "placement": 12,
      "elimination_type": "voted_out"
    },
    {
      "name": "Candice",
      "id": "US0195",
      "color": "#2863bd",
      "tc_number": 13,
      "placement": 13,
      "elimination_type": "voted_out"
    },
    {
      "name": "Danielle",
      "id": "US0181",
      "color": "#4c5be5",
      "tc_number": 14,
      "placement": 14,
      "elimination_type": "voted_out"
    },
    {
      "name": "Rupert",
      "id": "US0107",
      "color": "#3811d4",
      "tc_number": 15,
      "placement": 15,
      "elimination_type": "voted_out"
    },
    {
      "name": "Colby",
      "id": "US0031",
      "color": "#9856db",
      "tc_number": 16,
      "placement": 16,
      "elimination_type": "voted_out"
    },
    {
      "name": "Jerri",
      "id": "US0025",
      "color": "#a61cc8",
      "tc_number": 17,
      "placement": 17,
      "elimination_type": "voted_out"
    }
  ],
  "ftc": {
    "finalists": [
      {
        "id": "US0197",
        "name": "Parvati",
        "color": "#bd2881",
        "votes_received": 3
      },
      {
        "id": "US0300",
        "name": "Russell",
        "color": "#ef42de",
        "votes_received": 0
      },
      {
        "id": "US0112",
        "name": "Sandra",
        "color": "#e54c7a",
        "votes_received": 6
      }
    ],
    "jury_votes": [
      {
        "juror_id": "US0277",
        "juror_name": "Coach",
        "juror_color": "#11d45f",
        "voted_for_id": "US0197",
        "voted_for_name": "Parvati",
        "voted_for_color": "#bd2881",
        "alignment_pct": 25.0,
        "eligible_votes": 4,
        "aligned_votes": 1,
        "finalist_helped_eliminate": true
      },
      {
        "juror_id": "US0181",
        "juror_name": "Danielle",
        "juror_color": "#4c5be5",
        "voted_for_id": "US0197",
        "voted_for_name": "Parvati",
        "voted_for_color": "#bd2881",
        "alignment_pct": 100.0,
        "eligible_votes": 9,
        "aligned_votes": 9,
        "finalist_helped_eliminate": true
      },
      {
        "juror_id": "US0025",
        "juror_name": "Jerri",
        "juror_color": "#a61cc8",
        "voted_for_id": "US0197",
        "voted_for_name": "Parvati",
        "voted_for_color": "#bd2881",
        "alignment_pct": 58.3,
        "eligible_votes": 12,
        "aligned_votes": 7,
        "finalist_helped_eliminate": true
      },
      {
        "juror_id": "US0235",
        "juror_name": "Amanda",
        "juror_color": "#42bbef",
        "voted_for_id": "US0112",
        "voted_for_name": "Sandra",
        "voted_for_color": "#e54c7a",
        "alignment_pct": 0.0,
        "eligible_votes": 2,
        "aligned_votes": 0,
        "finalist_helped_eliminate": true
      },
      {
        "juror_id": "US0195",
        "juror_name": "Candice",
        "juror_color": "#2863bd",
        "voted_for_id": "US0112",
        "voted_for_name": "Sandra",
        "voted_for_color": "#e54c7a",
        "alignment_pct": 33.3,
        "eligible_votes": 3,
        "aligned_votes": 1,
        "finalist_helped_eliminate": true
      },
      {
        "juror_id": "US0031",
        "juror_name": "Colby",
        "juror_color": "#9856db",
        "voted_for_id": "US0112",
        "voted_for_name": "Sandra",
        "voted_for_color": "#e54c7a",
        "alignment_pct": 16.7,
        "eligible_votes": 6,
        "aligned_votes": 1,
        "finalist_helped_eliminate": true
      },
      {
        "juror_id": "US0236",
        "juror_name": "Courtney",
        "juror_color": "#56dbb3",
        "voted_for_id": "US0112",
        "voted_for_name": "Sandra",
        "voted_for_color": "#e54c7a",
        "alignment_pct": 60.0,
        "eligible_votes": 5,
        "aligned_votes": 3,
        "finalist_helped_eliminate": true
      },
      {
        "juror_id": "US0281",
        "juror_name": "J.T.",
        "juror_color": "#1cc8c8",
        "voted_for_id": "US0112",
        "voted_for_name": "Sandra",
        "voted_for_color": "#e54c7a",
        "alignment_pct": 0.0,
        "eligible_votes": 1,
        "aligned_votes": 0,
        "finalist_helped_eliminate": true
      },
      {
        "juror_id": "US0107",
        "juror_name": "Rupert",
        "juror_color": "#3811d4",
        "voted_for_id": "US0112",
        "voted_for_name": "Sandra",
        "voted_for_color": "#e54c7a",
        "alignment_pct": 20.0,
        "eligible_votes": 5,
        "aligned_votes": 1,
        "finalist_helped_eliminate": true
      }
    ]
  }
}