{
  "season": 25,
  "version_season": "US25",
  "version": "US",
  "total_castaways": 18,
  "total_tribal_councils": 14,
  "castaways": [
    {
      "id": "US0372",
      "name": "Zane",
      "full_name": "Zane Knight",
      "tribe": "Matsing",
      "tribe_color": "#2150FF",
      "color": "#bd2828",
      "placement": 1,
      "result": "1st voted out"
    },
    {
      "id": "US0373",
      "name": "Roxy",
      "full_name": "Roxanne Morris",
      "tribe": "Matsing",
      "tribe_color": "#2150FF",
      "color": "#e57f4c",
      "placement": 2,
      "result": "2nd voted out"
    },
    {
      "id": "US0374",
      "name": "Angie",
      "full_name": "Angie Layton",
      "tribe": "Matsing",
      "tribe_color": "#2150FF",
      "color": "#d49311",
      "placement": 3,
      "result": "3rd voted out"
    },
    {
      "id": "US0288",
      "name": "Russell",
      "full_name": "Russell Swan",
      "tribe": "Matsing",
      "tribe_color": "#2150FF",
      "color": "#dbdb56",
      "placement": 4,
      "result": "4th voted out"
    },
    {
      "id": "US0375",
      "name": "Dana",
      "full_name": "Dana Lambert",
      "tribe": "Kalabaw",
      "tribe_color": "#FF0126",
      "color": "#8fc81c",
      "placement": 5,
      "result": "Quit"
    },
    {
      "id": "US0376",
      "name": "Dawson",
      "full_name": "Sarah Dawson",
      "tribe": "Kalabaw",
      "tribe_color": "#FF0126",
      "color": "#7cef42",
      "placement": 6,
      "result": "5th voted out"
    },
    {
      "id": "US0377",
      "name": "Katie",
      "full_name": "Katie Hanson",
      "tribe": "Kalabaw",
      "tribe_color": "#FF0126",
      "color": "#28bd28",
      "placement": 7,
      "result": "6th voted out"
    },
    {
      "id": "US0378",
      "name": "RC",
      "full_name": "Roberta Saint-Amour",
      "tribe": "Tandang",
      "tribe_color": "#FFEB00",
      "color": "#4ce57f",
      "placement": 8,
      "result": "7th voted out"
    },
    {
      "id": "US0379",
      "name": "Jeff",
      "full_name": "Jeff Kent",
      "tribe": "Kalabaw",
      "tribe_color": "#FF0126",
      "color": "#11d493",
      "placement": 9,
      "result": "8th voted out"
    },
    {
      "id": "US0380",
      "name": "Artis",
      "full_name": "Artis Silvester",
      "tribe": "Tandang",
      "tribe_color": "#FFEB00",
      "color": "#56dbdb",
      "placement": 10,
      "result": "9th voted out"
    },
    {
      "id": "US0381",
      "name": "Pete",
      "full_name": "Peter Yurkowski",
      "tribe": "Tandang",
      "tribe_color": "#FFEB00",
      "color": "#1c8fc8",
      "placement": 11,
      "result": "10th voted out"
    },
    {
      "id": "US0196",
      "name": "Jonathan",
      "full_name": "Jonathan Penner",
      "tribe": "Kalabaw",
      "tribe_color": "#FF0126",
      "color": "#427cef",
      "placement": 12,
      "result": "11th voted out"
    },
    {
      "id": "US0382",
      "name": "Carter",
      "full_name": "Carter Williams",
      "tribe": "Kalabaw",
      "tribe_color": "#FF0126",
      "color": "#2828bd",
      "placement": 13,
      "result": "12th voted out"
    },
    {
      "id": "US0383",
      "name": "Abi-Maria",
      "full_name": "Abi-Maria Gomes",
      "tribe": "Tandang",
      "tribe_color": "#FFEB00",
      "color": "#7f4ce5",
      "placement": 14,
      "result": "13th voted out"
    },
    {
      "id": "US0384",
      "name": "Malcolm",
      "full_name": "Malcolm Freberg",
      "tribe": "Matsing",
      "tribe_color": "#2150FF",
      "color": "#9311d4",
      "placement": 15,
      "result": "14th voted out"
    },
    {
      "id": "US0385",
      "name": "Lisa",
      "full_name": "Lisa Whelchel",
      "tribe": "Tandang",
      "tribe_color": "#FFEB00",
      "color": "#db56db",
      "placement": 16,
      "result": "Runner-up"
    },
    {
      "id": "US0022",
      "name": "Michael",
      "full_name": "Michael Skupin",
      "tribe": "Tandang",
      "tribe_color": "#FFEB00",
      "color": "#c81c8f",
      "placement": 17,
      "result": "Runner-up"
    },
    {
      "id": "US0386",
      "name": "Denise",
      "full_name": "Denise Stapley",
      "tribe": "Matsing",
      "tribe_color": "#2150FF",
      "color": "#ef427c",
      "placement": 18,
      "result": "Sole Survivor"
    }
  ],
  "tribes": {
    "Dangrayne": "#000000",
    "Kalabaw": "#FF0126",
    "Matsing": "#2150FF",
    "Tandang": "#FFEB00"
  },
  "tribal_councils": [
    {
      "tc_number": 1,
      "episode": 1,
      "day": 3,
      "sog_id": 1,
      "tribe": "Matsing",
      "tribe_color": "#2150FF",
      "tribe_status": "Original",
      "eliminated": "Zane",
      "eliminated_id": "US0372",
      "eliminated_color": "#bd2828",
      "elimination_type": "voted_out",
      "votes": [
        {
          "voter": "Russell",
          "voter_id": "US0288",
          "voter_color": "#dbdb56",
          "target": "Zane",
          "target_id": "US0372",
          "target_color": "#bd2828",
          "vote_round": 1
        },
        {
          "voter": "Zane",
          "voter_id": "US0372",
          "voter_color": "#bd2828",
          "target": "Russell",
          "target_id": "US0288",
          "target_color": "#dbdb56",
          "vote_round": 1
        },
        {
          "voter": "Roxy",
          "voter_id": "US0373",
          "voter_color": "#e57f4c",
          "target": "Zane",
          "target_id": "US0372",
          "target_color": "#bd2828",
          "vote_round": 1
        },
        {
          "voter": "Angie",
          "voter_id": "US0374",
          "voter_color": "#d49311",
          "target": "Zane",
          "target_id": "US0372",
          "target_color": "#bd2828",
          "vote_round": 1
        },
        {
          "voter": "Malcolm",
          "voter_id": "US0384",
          "voter_color": "#9311d4",
          "target": "Zane",
          "target_id": "US0372",
          "target_color": "#bd2828",
          "vote_round": 1
        },
        {
          "voter": "Denise",
          "voter_id": "US0386",
          "voter_color": "#ef427c",
          "target": "Zane",
          "target_id": "US0372",
          "target_color": "#bd2828",
          "vote_round": 1
        }
      ],
      "had_revote": false
    },
    {
      "tc_number": 2,
      "episode": 2,
      "day": 6,
      "sog_id": 2,
      "tribe": "Matsing",
      "tribe_color": "#2150FF",
      "tribe_status": "Original",
      "eliminated": "Roxy",
      "eliminated_id": "US0373",
      "eliminated_color": "#e57f4c",
      "elimination_type": "voted_out",
      "votes": [
        {
          "voter": "Russell",
          "voter_id": "US0288",
          "voter_color": "#dbdb56",
          "target": "Roxy",
          "target_id": "US0373",
          "target_color": "#e57f4c",
          "vote_round": 1
        },
        {
          "voter": "Roxy",
          "voter_id": "US0373",
          "voter_color": "#e57f4c",
          "target": "Angie",
          "target_id": "US0374",
          "target_color": "#d49311",
          "vote_round": 1
        },
        {
          "voter": "Angie",
          "voter_id": "US0374",
          "voter_color": "#d49311",
          "target": "Roxy",
          "target_id": "US0373",
          "target_color": "#e57f4c",
          "vote_round": 1
        },
        {
          "voter": "Malcolm",
          "voter_id": "US0384",
          "voter_color": "#9311d4",
          "target": "Roxy",
          "target_id": "US0373",
          "target_color": "#e57f4c",
          "vote_round": 1
        },
        {
          "voter": "Denise",
          "voter_id": "US0386",
          "voter_color": "#ef427c",
          "target": "Roxy",
          "target_id": "US0373",
          "target_color": "#e57f4c",
          "vote_round": 1
        }
      ],
      "had_revote": false
    },
    {
      "tc_number": 3,
      "episode": 3,
      "day": 8,
      "sog_id": 3,
      "tribe": "Matsing",
      "tribe_color": "#2150FF",
      "tribe_status": "Original",
      "eliminated": "Angie",
      "eliminated_id": "US0374",
      "eliminated_color": "#d49311",
      "elimination_type": "voted_out",
      "votes": [
        {
          "voter": "Russell",
          "voter_id": "US0288",
          "voter_color": "#dbdb56",
          "target": "Angie",
          "target_id": "US0374",
          "target_color": "#d49311",
          "vote_round": 1
        },
        {
          "voter": "Angie",
          "voter_id": "US0374",
          "voter_color": "#d49311",
          "target": "Russell",
          "target_id": "US0288",
          "target_color": "#dbdb56",
          "vote_round": 1
        },
        {
          "voter": "Malcolm",
          "voter_id": "US0384",
          "voter_color": "#9311d4",
          "target": "Angie",
          "target_id": "US0374",
          "target_color": "#d49311",
          "vote_round": 1
        },
        {
          "voter": "Denise",
          "voter_id": "US0386",
          "voter_color": "#ef427c",
          "target": "Angie",
          "target_id": "US0374",
          "target_color": "#d49311",
          "vote_round": 1
        }
      ],
      "had_revote": false
    },
    {
      "tc_number": 4,
      "episode": 4,
      "day": 10,
      "sog_id": 4,
      "tribe": "Matsing",
      "tribe_color": "#2150FF",
      "tribe_status": "Original",
      "eliminated": "Russell",
      "eliminated_id": "US0288",
      "eliminated_color": "#dbdb56",
      "elimination_type": "voted_out",
      "votes": [
        {
          "voter": "Russell",
          "voter_id": "US0288",
          "voter_color": "#dbdb56",
          "target": "Malcolm",
          "target_id": "US0384",
          "target_color": "#9311d4",
          "vote_round": 1
        },
        {
          "voter": "Malcolm",
          "voter_id": "US0384",
          "voter_color": "#9311d4",
          "target": "Russell",
          "target_id": "US0288",
          "target_color": "#dbdb56",
          "vote_round": 1
        },
        {
          "voter": "Denise",
          "voter_id": "US0386",
          "voter_color": "#ef427c",
          "target": "Russell",
          "target_id": "US0288",
          "target_color": "#dbdb56",
          "vote_round": 1
        }
      ],
      "had_revote": false
    },
    {
      "tc_number": 5,
      "episode": 5,
      "day": 13,
      "sog_id": 6,
      "tribe": "Kalabaw",
      "tribe_color": "#FF0126",
      "tribe_status": "Swapped",
      "eliminated": "Dawson",
      "eliminated_id": "US0376",
      "eliminated_color": "#7cef42",
      "elimination_type": "voted_out",
      "votes": [
        {
          "voter": "Jonathan",
          "voter_id": "US0196",
          "voter_color": "#427cef",
          "target": "Dawson",
          "target_id": "US0376",
          "target_color": "#7cef42",
          "vote_round": 1
        },
        {
          "voter": "Dawson",
          "voter_id": "US0376",
          "voter_color": "#7cef42",
          "target": "Denise",
          "target_id": "US0386",
          "target_color": "#ef427c",
          "vote_round": 1
        },
        {
          "voter": "Katie",
          "voter_id": "US0377",
          "voter_color": "#28bd28",
          "target": "Dawson",
          "target_id": "US0376",
          "target_color": "#7cef42",
          "vote_round": 1
        },
        {
          "voter": "Jeff",
          "voter_id": "US0379",
          "voter_color": "#11d493",
          "target": "Dawson",
          "target_id": "US0376",
          "target_color": "#7cef42",
          "vote_round": 1
        },
        {
          "voter": "Carter",
          "voter_id": "US0382",
          "voter_color": "#2828bd",
          "target": "Dawson",
          "target_id": "US0376",
          "target_color": "#7cef42",
          "vote_round": 1
        },
        {
          "voter": "Denise",
          "voter_id": "US0386",
          "voter_color": "#ef427c",
          "target": "Dawson",
          "target_id": "US0376",
          "target_color": "#7cef42",
          "vote_round": 1
        }
      ],
      "had_revote": false
    },
    {
      "tc_number": 6,
      "episode": 6,
      "day": 16,
      "sog_id": 7,
      "tribe": "Kalabaw",
      "tribe_color": "#FF0126",
      "tribe_status": "Swapped",
      "eliminated": "Katie",
      "eliminated_id": "US0377",
      "eliminated_color": "#28bd28",
      "elimination_type": "voted_out",
      "votes": [
        {
          "voter": "Jonathan",
          "voter_id": "US0196",
          "voter_color": "#427cef",
          "target": "Katie",
          "target_id": "US0377",
          "target_color": "#28bd28",
          "vote_round": 1
        },
        {
          "voter": "Katie",
          "voter_id": "US0377",
          "voter_color": "#28bd28",
          "target": "Jonathan",
          "target_id": "US0196",
          "target_color": "#427cef",
          "vote_round": 1
        },
        {
          "voter": "Jeff",
          "voter_id": "US0379",
          "voter_color": "#11d493",
          "target": "Katie",
          "target_id": "US0377",
          "target_color": "#28bd28",
          "vote_round": 1
        },
        {
          "voter": "Carter",
          "voter_id": "US0382",
          "voter_color": "#2828bd",
          "target": "Katie",
          "target_id": "US0377",
          "target_color": "#28bd28",
          "vote_round": 1
        },
        {
          "voter": "Denise",
          "voter_id": "US0386",
          "voter_color": "#ef427c",
          "target": "Katie",
          "target_id": "US0377",
          "target_color": "#28bd28",
          "vote_round": 1
        }
      ],
      "had_revote": false
    },
    {
      "tc_number": 7,
      "episode": 7,
      "day": 19,
      "sog_id": 8,
      "tribe": "Dangrayne",
      "tribe_color": "#000000",
      "tribe_status": "Merged",
      "eliminated": "RC",
      "eliminated_id": "US0378",
      "eliminated_color": "#4ce57f",
      "elimination_type": "voted_out",
      "votes": [
        {
          "voter": "Michael",
          "voter_id": "US0022",
          "voter_color": "#c81c8f",
          "target": "Jonathan",
          "target_id": "US0196",
          "target_color": "#427cef",
          "vote_round": 1
        },
        {
          "voter": "Jonathan",
          "voter_id": "US0196",
          "voter_color": "#427cef",
          "target": "Pete",
          "target_id": "US0381",
          "target_color": "#1c8fc8",
          "vote_round": 1
        },
        {
          "voter": "RC",
          "voter_id": "US0378",
          "voter_color": "#4ce57f",
          "target": "Pete",
          "target_id": "US0381",
          "target_color": "#1c8fc8",
          "vote_round": 1
        },
        {
          "voter": "Jeff",
          "voter_id": "US0379",
          "voter_color": "#11d493",
          "target": "RC",
          "target_id": "US0378",
          "target_color": "#4ce57f",
          "vote_round": 1
        },
        {
          "voter": "Artis",
          "voter_id": "US0380",
          "voter_color": "#56dbdb",
          "target": "RC",
          "target_id": "US0378",
          "target_color": "#4ce57f",
          "vote_round": 1
        },
        {
          "voter": "Pete",
          "voter_id": "US0381",
          "voter_color": "#1c8fc8",
          "target": "RC",
          "target_id": "US0378",
          "target_color": "#4ce57f",
          "vote_round": 1
        },
        {
          "voter": "Carter",
          "voter_id": "US0382",
          "voter_color": "#2828bd",
          "target": "RC",
          "target_id": "US0378",
          "target_color": "#4ce57f",
          "vote_round": 1
        },
        {
          "voter": "Abi-Maria",
          "voter_id": "US0383",
          "voter_color": "#7f4ce5",
          "target": "Jonathan",
          "target_id": "US0196",
          "target_color": "#427cef",
          "vote_round": 1
        },
        {
          "voter": "Malcolm",
          "voter_id": "US0384",
          "voter_color": "#9311d4",
          "target": "Jonathan",
          "target_id": "US0196",
          "target_color": "#427cef",
          "vote_round": 1
        },
        {
          "voter": "Lisa",
          "voter_id": "US0385",
          "voter_color": "#db56db",
          "target": "Jonathan",
          "target_id": "US0196",
          "target_color": "#427cef",
          "vote_round": 1
        },
        {
          "voter": "Denise",
          "voter_id": "US0386",
          "voter_color": "#ef427c",
          "target": "Jonathan",
          "target_id": "US0196",
          "target_color": "#427cef",
          "vote_round": 1
        }
      ],
      "had_revote": false
    },
    {
      "tc_number": 8,
      "episode": 8,
      "day": 22,
      "sog_id": 9,
      "tribe": "Dangrayne",
      "tribe_color": "#000000",
      "tribe_status": "Merged",
      "eliminated": "Jeff",
      "eliminated_id": "US0379",
      "eliminated_color": "#11d493",
      "elimination_type": "voted_out",
      "votes": [
        {
          "voter": "Michael",
          "voter_id": "US0022",
          "voter_color": "#c81c8f",
          "target": "Jeff",
          "target_id": "US0379",
          "target_color": "#11d493",
          "vote_round": 1
        },
        {
          "voter": "Jonathan",
          "voter_id": "US0196",
          "voter_color": "#427cef",
          "target": "Abi-Maria",
          "target_id": "US0383",
          "target_color": "#7f4ce5",
          "vote_round": 1
        },
        {
          "voter": "Jeff",
          "voter_id": "US0379",
          "voter_color": "#11d493",
          "target": "Pete",
          "target_id": "US0381",
          "target_color": "#1c8fc8",
          "vote_round": 1
        },
        {
          "voter": "Artis",
          "voter_id": "US0380",
          "voter_color": "#56dbdb",
          "target": "Jeff",
          "target_id": "US0379",
          "target_color": "#11d493",
          "vote_round": 1
        },
        {
          "voter": "Pete",
          "voter_id": "US0381",
          "voter_color": "#1c8fc8",
          "target": "Jeff",
          "target_id": "US0379",
          "target_color": "#11d493",
          "vote_round": 1
        },
        {
          "voter": "Carter",
          "voter_id": "US0382",
          "voter_color": "#2828bd",
          "target": "Pete",
          "target_id": "US0381",
          "target_color": "#1c8fc8",
          "vote_round": 1
        },
        {
          "voter": "Abi-Maria",
          "voter_id": "US0383",
          "voter_color": "#7f4ce5",
          "target": "Jeff",
          "target_id": "US0379",
          "target_color": "#11d493",
          "vote_round": 1
        },
        {
          "voter": "Malcolm",
          "voter_id": "US0384",
          "voter_color": "#9311d4",
          "target": "Pete",
          "target_id": "US0381",
          "target_color": "#1c8fc8",
          "vote_round": 1
        },
        {
          "voter": "Lisa",
          "voter_id": "US0385",
          "voter_color": "#db56db",
          "target": "Jeff",
          "target_id": "US0379",
          "target_color": "#11d493",
          "vote_round": 1
        },
        {
          "voter": "Denise",
          "voter_id": "US0386",
          "voter_color": "#ef427c",
          "target": "Pete",
          "target_id": "US0381",
          "target_color": "#1c8fc8",
          "vote_round": 1
        }
      ],
      "had_revote": false
    },
    {
      "tc_number": 9,
      "episode": 9,
      "day": 25,
      "sog_id": 10,
      "tribe": "Dangrayne",
      "tribe_color": "#000000",
      "tribe_status": "Merged",
      "eliminated": "Artis",
      "eliminated_id": "US0380",
      "eliminated_color": "#56dbdb",
      "elimination_type": "voted_out",
      "votes": [
        {
          "voter": "Michael",
          "voter_id": "US0022",
          "voter_color": "#c81c8f",
          "target": "Artis",
          "target_id": "US0380",
          "target_color": "#56dbdb",
          "vote_round": 1
        },
        {
          "voter": "Jonathan",
          "voter_id": "US0196",
          "voter_color": "#427cef",
          "target": "Artis",
          "target_id": "US0380",
          "target_color": "#56dbdb",
          "vote_round": 1
        },
        {
          "voter": "Artis",
          "voter_id": "US0380",
          "voter_color": "#56dbdb",
          "target": "Jonathan",
          "target_id": "US0196",
          "target_color": "#427cef",
          "vote_round": 1
        },
        {
          "voter": "Pete",
          "voter_id": "US0381",
          "voter_color": "#1c8fc8",
          "target": "Jonathan",
          "target_id": "US0196",
          "target_color": "#427cef",
          "vote_round": 1
        },
        {
          "voter": "Carter",
          "voter_id": "US0382",
          "voter_color": "#2828bd",
          "target": "Artis",
          "target_id": "US0380",
          "target_color": "#56dbdb",
          "vote_round": 1
        },
        {
          "voter": "Abi-Maria",
          "voter_id": "US0383",
          "voter_color": "#7f4ce5",
          "target": "Jonathan",
          "target_id": "US0196",
          "target_color": "#427cef",
          "vote_round": 1
        },
        {
          "voter": "Malcolm",
          "voter_id": "US0384",
          "voter_color": "#9311d4",
          "target": "Artis",
          "target_id": "US0380",
          "target_color": "#56dbdb",
          "vote_round": 1
        },
        {
          "voter": "Lisa",
          "voter_id": "US0385",
          "voter_color": "#db56db",
          "target": "Jonathan",
          "target_id": "US0196",
          "target_color": "#427cef",
          "vote_round": 1
        },
        {
          "voter": "Denise",
          "voter_id": "US0386",
          "voter_color": "#ef427c",
          "target": "Artis",
          "target_id": "US0380",
          "target_color": "#56dbdb",
          "vote_round": 1
        }
      ],
      "had_revote": false
    },
    {
      "tc_number": 10,
      "episode": 10,
      "day": 27,
      "sog_id": 11,
      "tribe": "Dangrayne",
      "tribe_color": "#000000",
      "tribe_status": "Merged",
      "eliminated": "Pete",
      "eliminated_id": "US0381",
      "eliminated_color": "#1c8fc8",
      "elimination_type": "voted_out",
      "votes": [
        {
          "voter": "Michael",
          "voter_id": "US0022",
          "voter_color": "#c81c8f",
          "target": "Abi-Maria",
          "target_id": "US0383",
          "target_color": "#7f4ce5",
          "vote_round": 1
        },
        {
          "voter": "Jonathan",
          "voter_id": "US0196",
          "voter_color": "#427cef",
          "target": "Pete",
          "target_id": "US0381",
          "target_color": "#1c8fc8",
          "vote_round": 1
        },
        {
          "voter": "Pete",
          "voter_id": "US0381",
          "voter_color": "#1c8fc8",
          "target": "Malcolm",
          "target_id": "US0384",
          "target_color": "#9311d4",
          "vote_round": 1
        },
        {
          "voter": "Carter",
          "voter_id": "US0382",
          "voter_color": "#2828bd",
          "target": "Pete",
          "target_id": "US0381",
          "target_color": "#1c8fc8",
          "vote_round": 1
        },
        {
          "voter": "Abi-Maria",
          "voter_id": "US0383",
          "voter_color": "#7f4ce5",
          "target": "Malcolm",
          "target_id": "US0384",
          "target_color": "#9311d4",
          "vote_round": 1
        },
        {
          "voter": "Malcolm",
          "voter_id": "US0384",
          "voter_color": "#9311d4",
          "target": "Pete",
          "target_id": "US0381",
          "target_color": "#1c8fc8",
          "vote_round": 1
        },
        {
          "voter": "Lisa",
          "voter_id": "US0385",
          "voter_color": "#db56db",
          "target": "Abi-Maria",
          "target_id": "US0383",
          "target_color": "#7f4ce5",
          "vote_round": 1
        },
        {
          "voter": "Denise",
          "voter_id": "US0386",
          "voter_color": "#ef427c",
          "target": "Abi-Maria",
          "target_id": "US0383",
          "target_color": "#7f4ce5",
          "vote_round": 1
        }
      ],
      "had_revote": false
    },
    {
      "tc_number": 11,
      "episode": 11,
      "day": 30,
      "sog_id": 12,
      "tribe": "Dangrayne",
      "tribe_color": "#000000",
      "tribe_status": "Merged",
      "eliminated": "Jonathan",
      "eliminated_id": "US0196",
      "eliminated_color": "#427cef",
      "elimination_type": "voted_out",
      "votes": [
        {
          "voter": "Michael",
          "voter_id": "US0022",
          "voter_color": "#c81c8f",
          "target": "Jonathan",
          "target_id": "US0196",
          "target_color": "#427cef",
          "vote_round": 1
        },
        {
          "voter": "Jonathan",
          "voter_id": "US0196",
          "voter_color": "#427cef",
          "target": "Denise",
          "target_id": "US0386",
          "target_color": "#ef427c",
          "vote_round": 1
        },
        {
          "voter": "Carter",
          "voter_id": "US0382",
          "voter_color": "#2828bd",
          "target": "Denise",
          "target_id": "US0386",
          "target_color": "#ef427c",
          "vote_round": 1
        },
        {
          "voter": "Abi-Maria",
          "voter_id": "US0383",
          "voter_color": "#7f4ce5",
          "target": "Denise",
          "target_id": "US0386",
          "target_color": "#ef427c",
          "vote_round": 1
        },
        {
          "voter": "Malcolm",
          "voter_id": "US0384",
          "voter_color": "#9311d4",
          "target": "Jonathan",
          "target_id": "US0196",
          "target_color": "#427cef",
          "vote_round": 1
        },
        {
          "voter": "Lisa",
          "voter_id": "US0385",
          "voter_color": "#db56db",
          "target": "Jonathan",
          "target_id": "US0196",
          "target_color": "#427cef",
          "vote_round": 1
        },
        {
          "voter": "Denise",
          "voter_id": "US0386",
          "voter_color": "#ef427c",
          "target": "Jonathan",
          "target_id": "US0196",
          "target_color": "#427cef",
          "vote_round": 1
        }
      ],
      "had_revote": false
    },
    {
      "tc_number": 12,
      "episode": 12,
      "day": 33,
      "sog_id": 13,
      "tribe": "Dangrayne",
      "tribe_color": "#000000",
      "tribe_status": "Merged",
      "eliminated": "Carter",
      "eliminated_id": "US0382",
      "eliminated_color": "#2828bd",
      "elimination_type": "voted_out",
      "votes": [
        {
          "voter": "Michael",
          "voter_id": "US0022",
          "voter_color": "#c81c8f",
          "target": "Carter",
          "target_id": "US0382",
          "target_color": "#2828bd",
          "vote_round": 1
        },
        {
          "voter": "Carter",
          "voter_id": "US0382",
          "voter_color": "#2828bd",
          "target": "Abi-Maria",
          "target_id": "US0383",
          "target_color": "#7f4ce5",
          "vote_round": 1
        },
        {
          "voter": "Abi-Maria",
          "voter_id": "US0383",
          "voter_color": "#7f4ce5",
          "target": "Carter",
          "target_id": "US0382",
          "target_color": "#2828bd",
          "vote_round": 1
        },
        {
          "voter": "Malcolm",
          "voter_id": "US0384",
          "voter_color": "#9311d4",
          "target": "Carter",
          "target_id": "US0382",
          "target_color": "#2828bd",
          "vote_round": 1
        },
        {
          "voter": "Lisa",
          "voter_id": "US0385",
          "voter_color": "#db56db",
          "target": "Carter",
          "target_id": "US0382",
          "target_color": "#2828bd",
          "vote_round": 1
        },
        {
          "voter": "Denise",
          "voter_id": "US0386",
          "voter_color": "#ef427c",
          "target": "Carter",
          "target_id": "US0382",
          "target_color": "#2828bd",
          "vote_round": 1
        }
      ],
      "had_revote": false
    },
    {
      "tc_number": 13,
      "episode": 13,
      "day": 36,
      "sog_id": 14,
      "tribe": "Dangrayne",
      "tribe_color": "#000000",
      "tribe_status": "Merged",
      "eliminated": "Abi-Maria",
      "eliminated_id": "US0383",
      "eliminated_color": "#7f4ce5",
      "elimination_type": "voted_out",
      "votes": [
        {
          "voter": "Michael",
          "voter_id": "US0022",
          "voter_color": "#c81c8f",
          "target": "Abi-Maria",
          "target_id": "US0383",
          "target_color": "#7f4ce5",
          "vote_round": 1
        },
        {
          "voter": "Abi-Maria",
          "voter_id": "US0383",
          "voter_color": "#7f4ce5",
          "target": "Denise",
          "target_id": "US0386",
          "target_color": "#ef427c",
          "vote_round": 1
        },
        {
          "voter": "Malcolm",
          "voter_id": "US0384",
          "voter_color": "#9311d4",
          "target": "Abi-Maria",
          "target_id": "US0383",
          "target_color": "#7f4ce5",
          "vote_round": 1
        },
        {
          "voter": "Lisa",
          "voter_id": "US0385",
          "voter_color": "#db56db",
          "target": "Abi-Maria",
          "target_id": "US0383",
          "target_color": "#7f4ce5",
          "vote_round": 1
        },
        {
          "voter": "Denise",
          "voter_id": "US0386",
          "voter_color": "#ef427c",
          "target": "Abi-Maria",
          "target_id": "US0383",
          "target_color": "#7f4ce5",
          "vote_round": 1
        }
      ],
      "had_revote": false
    },
    {
      "tc_number": 14,
      "episode": 14,
      "day": 38,
      "sog_id": 15,
      "tribe": "Dangrayne",
      "tribe_color": "#000000",
      "tribe_status": "Merged",
      "eliminated": "Malcolm",
      "eliminated_id": "US0384",
      "eliminated_color": "#9311d4",
      "elimination_type": "voted_out",
      "votes": [
        {
          "voter": "Michael",
          "voter_id": "US0022",
          "voter_color": "#c81c8f",
          "target": "Malcolm",
          "target_id": "US0384",
          "target_color": "#9311d4",
          "vote_round": 1
        },
        {
          "voter": "Malcolm",
          "voter_id": "US0384",
          "voter_color": "#9311d4",
          "target": "Denise",
          "target_id": "US0386",
          "target_color": "#ef427c",
          "vote_round": 1
        },
        {
          "voter": "Lisa",
          "voter_id": "US0385",
          "voter_color": "#db56db",
          "target": "Malcolm",
          "target_id": "US0384",
          "target_color": "#9311d4",
          "vote_round": 1
        },
        {
          "voter": "Denise",
          "voter_id": "US0386",
          "voter_color": "#ef427c",
          "target": "Malcolm",
          "target_id": "US0384",
          "target_color": "#9311d4",
          "vote_round": 1
        }
      ],
      "had_revote": false
    }
  ],
  "boot_order": [
    {
      "name": "Zane",
      "id": "US0372",
      "color": "#bd2828",
      "tc_number": 1,
      "placement": 1,
      "elimination_type": "voted_out"
    },
    {
      "name": "Roxy",
      "id": "US0373",
      "color": "#e57f4c",
      "tc_number": 2,
      "placement": 2,
      "elimination_type": "voted_out"
    },
    {
      "name": "Angie",
      "id": "US0374",
      "color": "#d49311",
      "tc_number": 3,
      "placement": 3,
      "elimination_type": "voted_out"
    },
    {
      "name": "Russell",
      "id": "US0288",
      "color": "#dbdb56",
      "tc_number": 4,
      "placement": 4,
      "elimination_type": "voted_out"
    },
    {
      "name": "Dawson",
      "id": "US0376",
      "color": "#7cef42",
      "tc_number": 5,
      "placement": 6,
      "elimination_type": "voted_out"
    },
    {
      "name": "Katie",
      "id": "US0377",
      "color": "#28bd28",
      "tc_number": 6,
      "placement": 7,
      "elimination_type": "voted_out"
    },
    {
      "name": "RC",
      "id": "US0378",
      "color": "#4ce57f",
      "tc_number": 7,
      "placement": 8,
      "elimination_type": "voted_out"
    },
    {
      "name": "Jeff",
      "id": "US0379",
      "color": "#11d493",
      "tc_number": 8,
      "placement": 9,
      "elimination_type": "voted_out"
    },
    {
      "name": "Artis",
      "id": "US0380",
      "color": "#56dbdb",
      "tc_number": 9,
      "placement": 10,
      "elimination_type": "voted_out"
    },
    {
      "name": "Pete",
      "id": "US0381",
      "color": "#1c8fc8",
      "tc_number": 10,
      "placement": 11,
      "elimination_type": "voted_out"
    },
    {
      "name": "Jonathan",
      "id": "US0196",
      "color": "#427cef",
      "tc_number": 11,
      "placement": 12,
      "elimination_type": "voted_out"
    },
    {
      "name": "Carter",
      "id": "US0382",
      "color": "#2828bd",
      "tc_number": 12,
      "placement": 13,
      "elimination_type": "voted_out"
    },
    {
      "name": "Abi-Maria",
      "id": "US0383",
      "color": "#7f4ce5",
      "tc_number": 13,
      "placement": 14,
      "elimination_type": "voted_out"
    },
    {
      "name": "Malcolm",
      "id": "US0384",
      "color": "#9311d4",
      "tc_number": 14,
      "placement": 15,
      "elimination_type": "voted_out"
    },
    {
      "name": "Lisa",
      "id": "US0385",
      "color": "#db56db",
      "tc_number": 15,
      "placement": 16,
      "elimination_type": "FTC",
      "ftc_votes": 1
    },
    {
      "name": "Michael",
      "id": "US0022",
      "color": "#c81c8f",
      "tc_number": 15,
      "placement": 17,
      "elimination_type": "FTC",
      "ftc_votes": 1
    },
    {
      "name": "Denise",
      "id": "US0386",
      "color": "#ef427c",
      "tc_number": 15,
      "placement": 18,
      "elimination_type": "FTC",
      "ftc_votes": 6
    }
  ],
  "ftc": {
    "finalists": [
      {
        "id": "US0386",
        "name": "Denise",
        "color": "#ef427c",
        "votes_received": 6
      },
      {
        "id": "US0385",
        "name": "Lisa",
        "color": "#db56db",
        "votes_received": 1
      },
      {
        "id": "US0022",
        "name": "Michael",
        "color": "#c81c8f",
        "votes_received": 1
      }
    ],
    "jury_votes": [
      {
        "juror_id": "US0383",
        "juror_name": "Abi-Maria",
        "juror_color": "#7f4ce5",
        "voted_for_id": "US0386",
        "voted_for_name": "Denise",
        "voted_for_color": "#ef427c",
        "alignment_pct": 28.6,
        "eligible_votes": 7,
        "aligned_votes": 2,
        "finalist_helped_eliminate": true
      },
      {
        "juror_id": "US0380",
        "juror_name": "Artis",
        "juror_color": "#56dbdb",
        "voted_for_id": "US0386",
        "voted_for_name": "Denise",
        "voted_for_color": "#ef427c",
        "alignment_pct": 0.0,
        "eligible_votes": 3,
        "aligned_votes": 0,
        "finalist_helped_eliminate": true
      },
      {
        "juror_id": "US0379",
        "juror_name": "Jeff",
        "juror_color": "#11d493",
        "voted_for_id": "US0386",
        "voted_for_name": "Denise",
        "voted_for_color": "#ef427c",
        "alignment_pct": 75.0,
        "eligible_votes": 4,
        "aligned_votes": 3,
        "finalist_helped_eliminate": false
      },
      {
        "juror_id": "US0196",
        "juror_name": "Jonathan",
        "juror_color": "#427cef",
        "voted_for_id": "US0386",
        "voted_for_name": "Denise",
        "voted_for_color": "#ef427c",
        "alignment_pct": 42.9,
        "eligible_votes": 7,
        "aligned_votes": 3,
        "finalist_helped_eliminate": true
      },
      {
        "juror_id": "US0384",
        "juror_name": "Malcolm",
        "juror_color": "#9311d4",
        "voted_for_id": "US0386",
        "voted_for_name": "Denise",
        "voted_for_color": "#ef427c",
        "alignment_pct": 83.3,
        "eligible_votes": 12,
        "aligned_votes": 10,
        "finalist_helped_eliminate": true
      },
      {
        "juror_id": "US0381",
        "juror_name": "Pete",
        "juror_color": "#1c8fc8",
        "voted_for_id": "US0386",
        "voted_for_name": "Denise",
        "voted_for_color": "#ef427c",
        "alignment_pct": 0.0,
        "eligible_votes": 4,
        "aligned_votes": 0,
        "finalist_helped_eliminate": true
      },
      {
        "juror_id": "US0378",
        "juror_name": "RC",
        "juror_color": "#4ce57f",
        "voted_for_id": "US0385",
        "voted_for_name": "Lisa",
        "voted_for_color": "#db56db",
        "alignment_pct": 0.0,
        "eligible_votes": 1,
        "aligned_votes": 0,
        "finalist_helped_eliminate": false
      },
      {
        "juror_id": "US0382",
        "juror_name": "Carter",
        "juror_color": "#2828bd",
        "voted_for_id": "US0022",
        "voted_for_name": "Michael",
        "voted_for_color": "#c81c8f",
        "alignment_pct": 16.7,
        "eligible_votes": 6,
        "aligned_votes": 1,
        "finalist_helped_eliminate": true
      }
    ]
  }
}