{
  "season": 26,
  "version_season": "US26",
  "version": "US",
  "total_castaways": 20,
  "total_tribal_councils": 15,
  "castaways": [
    {
      "id": "US0322",
      "name": "Francesca",
      "full_name": "Francesca Hogi",
      "tribe": "Bikal",
      "tribe_color": "#844184",
      "color": "#bd2828",
      "placement": 1,
      "result": "1st voted out"
    },
    {
      "id": "US0387",
      "name": "Allie",
      "full_name": "Alexandra Pohevitz",
      "tribe": "Gota",
      "tribe_color": "#ED8927",
      "color": "#e57a4c",
      "placement": 2,
      "result": "2nd voted out"
    },
    {
      "id": "US0388",
      "name": "Hope",
      "full_name": "Hope Driskill",
      "tribe": "Gota",
      "tribe_color": "#ED8927",
      "color": "#d48611",
      "placement": 3,
      "result": "3rd voted out"
    },
    {
      "id": "US0389",
      "name": "Shamar",
      "full_name": "Shamar Thomas",
      "tribe": "Gota",
      "tribe_color": "#ED8927",
      "color": "#dbce56",
      "placement": 4,
      "result": "Medically evacuated"
    },
    {
      "id": "US0390",
      "name": "Laura",
      "full_name": "Laura Alexander",
      "tribe": "Gota",
      "tribe_color": "#ED8927",
      "color": "#a6c81c",
      "placement": 5,
      "result": "4th voted out"
    },
    {
      "id": "US0350",
      "name": "Brandon",
      "full_name": "Brandon Hantz",
      "tribe": "Bikal",
      "tribe_color": "#844184",
      "color": "#99ef42",
      "placement": 6,
      "result": "5th voted out"
    },
    {
      "id": "US0391",
      "name": "Matt",
      "full_name": "Matt Bischoff",
      "tribe": "Gota",
      "tribe_color": "#ED8927",
      "color": "#45bd28",
      "placement": 7,
      "result": "6th voted out"
    },
    {
      "id": "US0392",
      "name": "Julia",
      "full_name": "Julia Landauer",
      "tribe": "Gota",
      "tribe_color": "#ED8927",
      "color": "#4ce55b",
      "placement": 8,
      "result": "7th voted out"
    },
    {
      "id": "US0259",
      "name": "Corinne",
      "full_name": "Corinne Kaplan",
      "tribe": "Bikal",
      "tribe_color": "#844184",
      "color": "#11d45f",
      "placement": 9,
      "result": "8th voted out"
    },
    {
      "id": "US0393",
      "name": "Michael",
      "full_name": "Michael Snow",
      "tribe": "Gota",
      "tribe_color": "#ED8927",
      "color": "#56dbb3",
      "placement": 10,
      "result": "9th voted out"
    },
    {
      "id": "US0337",
      "name": "Phillip",
      "full_name": "Phillip Sheppard",
      "tribe": "Bikal",
      "tribe_color": "#844184",
      "color": "#1cc8c8",
      "placement": 11,
      "result": "10th voted out"
    },
    {
      "id": "US0384",
      "name": "Malcolm",
      "full_name": "Malcolm Freberg",
      "tribe": "Bikal",
      "tribe_color": "#844184",
      "color": "#42bbef",
      "placement": 12,
      "result": "11th voted out"
    },
    {
      "id": "US0394",
      "name": "Reynold",
      "full_name": "Reynold Toepfer",
      "tribe": "Gota",
      "tribe_color": "#ED8927",
      "color": "#2863bd",
      "placement": 13,
      "result": "12th voted out"
    },
    {
      "id": "US0333",
      "name": "Andrea",
      "full_name": "Andrea Boehlke",
      "tribe": "Bikal",
      "tribe_color": "#844184",
      "color": "#4c5be5",
      "placement": 14,
      "result": "13th voted out"
    },
    {
      "id": "US0312",
      "name": "Brenda",
      "full_name": "Brenda Lowe",
      "tribe": "Bikal",
      "tribe_color": "#844184",
      "color": "#3811d4",
      "placement": 15,
      "result": "14th voted out"
    },
    {
      "id": "US0246",
      "name": "Erik",
      "full_name": "Erik Reichenbach",
      "tribe": "Bikal",
      "tribe_color": "#844184",
      "color": "#9856db",
      "placement": 16,
      "result": "Medically evacuated"
    },
    {
      "id": "US0395",
      "name": "Eddie",
      "full_name": "Edward Fox",
      "tribe": "Gota",
      "tribe_color": "#ED8927",
      "color": "#a61cc8",
      "placement": 17,
      "result": "15th voted out"
    },
    {
      "id": "US0396",
      "name": "Sherri",
      "full_name": "Sherri Biethman",
      "tribe": "Gota",
      "tribe_color": "#ED8927",
      "color": "#ef42de",
      "placement": 18,
      "result": "Runner-up"
    },
    {
      "id": "US0346",
      "name": "Dawn",
      "full_name": "Dawn Meehan",
      "tribe": "Bikal",
      "tribe_color": "#844184",
      "color": "#bd2881",
      "placement": 19,
      "result": "Runner-up"
    },
    {
      "id": "US0348",
      "name": "Cochran",
      "full_name": "John Cochran",
      "tribe": "Bikal",
      "tribe_color": "#844184",
      "color": "#e54c7a",
      "placement": 20,
      "result": "Sole Survivor"
    }
  ],
  "tribes": {
    "Bikal": "#844184",
    "Enil Edam": "#81C41C",
    "Gota": "#ED8927"
  },
  "tribal_councils": [
    {
      "tc_number": 1,
      "episode": 1,
      "day": 3,
      "sog_id": 1,
      "tribe": "Bikal",
      "tribe_color": "#844184",
      "tribe_status": "Original",
      "eliminated": "Francesca",
      "eliminated_id": "US0322",
      "eliminated_color": "#bd2828",
      "elimination_type": "voted_out",
      "votes": [
        {
          "voter": "Erik",
          "voter_id": "US0246",
          "voter_color": "#9856db",
          "target": "Andrea",
          "target_id": "US0333",
          "target_color": "#4c5be5",
          "vote_round": 1
        },
        {
          "voter": "Corinne",
          "voter_id": "US0259",
          "voter_color": "#11d45f",
          "target": "Francesca",
          "target_id": "US0322",
          "target_color": "#bd2828",
          "vote_round": 1
        },
        {
          "voter": "Brenda",
          "voter_id": "US0312",
          "voter_color": "#3811d4",
          "target": "Andrea",
          "target_id": "US0333",
          "target_color": "#4c5be5",
          "vote_round": 1
        },
        {
          "voter": "Francesca",
          "voter_id": "US0322",
          "voter_color": "#bd2828",
          "target": "Andrea",
          "target_id": "US0333",
          "target_color": "#4c5be5",
          "vote_round": 1
        },
        {
          "voter": "Andrea",
          "voter_id": "US0333",
          "voter_color": "#4c5be5",
          "target": "Francesca",
          "target_id": "US0322",
          "target_color": "#bd2828",
          "vote_round": 1
        },
        {
          "voter": "Phillip",
          "voter_id": "US0337",
          "voter_color": "#1cc8c8",
          "target": "Francesca",
          "target_id": "US0322",
          "target_color": "#bd2828",
          "vote_round": 1
        },
        {
          "voter": "Dawn",
          "voter_id": "US0346",
          "voter_color": "#bd2881",
          "target": "Francesca",
          "target_id": "US0322",
          "target_color": "#bd2828",
          "vote_round": 1
        },
        {
          "voter": "Cochran",
          "voter_id": "US0348",
          "voter_color": "#e54c7a",
          "target": "Francesca",
          "target_id": "US0322",
          "target_color": "#bd2828",
          "vote_round": 1
        },
        {
          "voter": "Brandon",
          "voter_id": "US0350",
          "voter_color": "#99ef42",
          "target": "Andrea",
          "target_id": "US0333",
          "target_color": "#4c5be5",
          "vote_round": 1
        },
        {
          "voter": "Malcolm",
          "voter_id": "US0384",
          "voter_color": "#42bbef",
          "target": "Francesca",
          "target_id": "US0322",
          "target_color": "#bd2828",
          "vote_round": 1
        }
      ],
      "had_revote": false
    },
    {
      "tc_number": 2,
      "episode": 2,
      "day": 5,
      "sog_id": 2,
      "tribe": "Gota",
      "tribe_color": "#ED8927",
      "tribe_status": "Original",
      "eliminated": "Allie",
      "eliminated_id": "US0387",
      "eliminated_color": "#e57a4c",
      "elimination_type": "voted_out",
      "votes": [
        {
          "voter": "Allie",
          "voter_id": "US0387",
          "voter_color": "#e57a4c",
          "target": "Shamar",
          "target_id": "US0389",
          "target_color": "#dbce56",
          "vote_round": 1
        },
        {
          "voter": "Hope",
          "voter_id": "US0388",
          "voter_color": "#d48611",
          "target": "Shamar",
          "target_id": "US0389",
          "target_color": "#dbce56",
          "vote_round": 1
        },
        {
          "voter": "Shamar",
          "voter_id": "US0389",
          "voter_color": "#dbce56",
          "target": "Allie",
          "target_id": "US0387",
          "target_color": "#e57a4c",
          "vote_round": 1
        },
        {
          "voter": "Laura",
          "voter_id": "US0390",
          "voter_color": "#a6c81c",
          "target": "Allie",
          "target_id": "US0387",
          "target_color": "#e57a4c",
          "vote_round": 1
        },
        {
          "voter": "Matt",
          "voter_id": "US0391",
          "voter_color": "#45bd28",
          "target": "Allie",
          "target_id": "US0387",
          "target_color": "#e57a4c",
          "vote_round": 1
        },
        {
          "voter": "Julia",
          "voter_id": "US0392",
          "voter_color": "#4ce55b",
          "target": "Allie",
          "target_id": "US0387",
          "target_color": "#e57a4c",
          "vote_round": 1
        },
        {
          "voter": "Michael",
          "voter_id": "US0393",
          "voter_color": "#56dbb3",
          "target": "Allie",
          "target_id": "US0387",
          "target_color": "#e57a4c",
          "vote_round": 1
        },
        {
          "voter": "Reynold",
          "voter_id": "US0394",
          "voter_color": "#2863bd",
          "target": "Shamar",
          "target_id": "US0389",
          "target_color": "#dbce56",
          "vote_round": 1
        },
        {
          "voter": "Eddie",
          "voter_id": "US0395",
          "voter_color": "#a61cc8",
          "target": "Shamar",
          "target_id": "US0389",
          "target_color": "#dbce56",
          "vote_round": 1
        },
        {
          "voter": "Sherri",
          "voter_id": "US0396",
          "voter_color": "#ef42de",
          "target": "Allie",
          "target_id": "US0387",
          "target_color": "#e57a4c",
          "vote_round": 1
        }
      ],
      "had_revote": false
    },
    {
      "tc_number": 3,
      "episode": 3,
      "day": 7,
      "sog_id": 3,
      "tribe": "Gota",
      "tribe_color": "#ED8927",
      "tribe_status": "Original",
      "eliminated": "Hope",
      "eliminated_id": "US0388",
      "eliminated_color": "#d48611",
      "elimination_type": "deadlock",
      "votes": [
        {
          "voter": "Hope",
          "voter_id": "US0388",
          "voter_color": "#d48611",
          "target": "Shamar",
          "target_id": "US0389",
          "target_color": "#dbce56",
          "vote_round": 1
        },
        {
          "voter": "Shamar",
          "voter_id": "US0389",
          "voter_color": "#dbce56",
          "target": "Eddie",
          "target_id": "US0395",
          "target_color": "#a61cc8",
          "vote_round": 1
        },
        {
          "voter": "Laura",
          "voter_id": "US0390",
          "voter_color": "#a6c81c",
          "target": "Hope",
          "target_id": "US0388",
          "target_color": "#d48611",
          "vote_round": 1
        },
        {
          "voter": "Matt",
          "voter_id": "US0391",
          "voter_color": "#45bd28",
          "target": "Eddie",
          "target_id": "US0395",
          "target_color": "#a61cc8",
          "vote_round": 1
        },
        {
          "voter": "Julia",
          "voter_id": "US0392",
          "voter_color": "#4ce55b",
          "target": "Hope",
          "target_id": "US0388",
          "target_color": "#d48611",
          "vote_round": 1
        },
        {
          "voter": "Michael",
          "voter_id": "US0393",
          "voter_color": "#56dbb3",
          "target": "Eddie",
          "target_id": "US0395",
          "target_color": "#a61cc8",
          "vote_round": 1
        },
        {
          "voter": "Reynold",
          "voter_id": "US0394",
          "voter_color": "#2863bd",
          "target": "Shamar",
          "target_id": "US0389",
          "target_color": "#dbce56",
          "vote_round": 1
        },
        {
          "voter": "Eddie",
          "voter_id": "US0395",
          "voter_color": "#a61cc8",
          "target": "Shamar",
          "target_id": "US0389",
          "target_color": "#dbce56",
          "vote_round": 1
        },
        {
          "voter": "Sherri",
          "voter_id": "US0396",
          "voter_color": "#ef42de",
          "target": "Hope",
          "target_id": "US0388",
          "target_color": "#d48611",
          "vote_round": 1
        },
        {
          "voter": "Laura",
          "voter_id": "US0390",
          "voter_color": "#a6c81c",
          "target": "Hope",
          "target_id": "US0388",
          "target_color": "#d48611",
          "vote_round": 2
        },
        {
          "voter": "Matt",
          "voter_id": "US0391",
          "voter_color": "#45bd28",
          "target": "Hope",
          "target_id": "US0388",
          "target_color": "#d48611",
          "vote_round": 2
        },
        {
          "voter": "Julia",
          "voter_id": "US0392",
          "voter_color": "#4ce55b",
          "target": "Hope",
          "target_id": "US0388",
          "target_color": "#d48611",
          "vote_round": 2
        },
        {
          "voter": "Michael",
          "voter_id": "US0393",
          "voter_color": "#56dbb3",
          "target": "Hope",
          "target_id": "US0388",
          "target_color": "#d48611",
          "vote_round": 2
        },
        {
          "voter": "Reynold",
          "voter_id": "US0394",
          "voter_color": "#2863bd",
          "target": "Shamar",
          "target_id": "US0389",
          "target_color": "#dbce56",
          "vote_round": 2
        },
        {
          "voter": "Sherri",
          "voter_id": "US0396",
          "voter_color": "#ef42de",
          "target": "Hope",
          "target_id": "US0388",
          "target_color": "#d48611",
          "vote_round": 2
        }
      ],
      "had_revote": true
    },
    {
      "tc_number": 4,
      "episode": 4,
      "day": 10,
      "sog_id": 5,
      "tribe": "Gota",
      "tribe_color": "#ED8927",
      "tribe_status": "Original",
      "eliminated": "Laura",
      "eliminated_id": "US0390",
      "eliminated_color": "#a6c81c",
      "elimination_type": "voted_out",
      "votes": [
        {
          "voter": "Laura",
          "voter_id": "US0390",
          "voter_color": "#a6c81c",
          "target": "Reynold",
          "target_id": "US0394",
          "target_color": "#2863bd",
          "vote_round": 1
        },
        {
          "voter": "Matt",
          "voter_id": "US0391",
          "voter_color": "#45bd28",
          "target": "Laura",
          "target_id": "US0390",
          "target_color": "#a6c81c",
          "vote_round": 1
        },
        {
          "voter": "Julia",
          "voter_id": "US0392",
          "voter_color": "#4ce55b",
          "target": "Laura",
          "target_id": "US0390",
          "target_color": "#a6c81c",
          "vote_round": 1
        },
        {
          "voter": "Michael",
          "voter_id": "US0393",
          "voter_color": "#56dbb3",
          "target": "Laura",
          "target_id": "US0390",
          "target_color": "#a6c81c",
          "vote_round": 1
        },
        {
          "voter": "Reynold",
          "voter_id": "US0394",
          "voter_color": "#2863bd",
          "target": "Laura",
          "target_id": "US0390",
          "target_color": "#a6c81c",
          "vote_round": 1
        },
        {
          "voter": "Eddie",
          "voter_id": "US0395",
          "voter_color": "#a61cc8",
          "target": "Laura",
          "target_id": "US0390",
          "target_color": "#a6c81c",
          "vote_round": 1
        },
        {
          "voter": "Sherri",
          "voter_id": "US0396",
          "voter_color": "#ef42de",
          "target": "Laura",
          "target_id": "US0390",
          "target_color": "#a6c81c",
          "vote_round": 1
        }
      ],
      "had_revote": false
    },
    {
      "tc_number": 5,
      "episode": 5,
      "day": 13,
      "sog_id": 6,
      "tribe": "Bikal",
      "tribe_color": "#844184",
      "tribe_status": "Original",
      "eliminated": "Brandon",
      "eliminated_id": "US0350",
      "eliminated_color": "#99ef42",
      "elimination_type": "voted_out",
      "votes": [
        {
          "voter": "Erik",
          "voter_id": "US0246",
          "voter_color": "#9856db",
          "target": "Brandon",
          "target_id": "US0350",
          "target_color": "#99ef42",
          "vote_round": 1
        },
        {
          "voter": "Corinne",
          "voter_id": "US0259",
          "voter_color": "#11d45f",
          "target": "Brandon",
          "target_id": "US0350",
          "target_color": "#99ef42",
          "vote_round": 1
        },
        {
          "voter": "Brenda",
          "voter_id": "US0312",
          "voter_color": "#3811d4",
          "target": "Brandon",
          "target_id": "US0350",
          "target_color": "#99ef42",
          "vote_round": 1
        },
        {
          "voter": "Andrea",
          "voter_id": "US0333",
          "voter_color": "#4c5be5",
          "target": "Brandon",
          "target_id": "US0350",
          "target_color": "#99ef42",
          "vote_round": 1
        },
        {
          "voter": "Phillip",
          "voter_id": "US0337",
          "voter_color": "#1cc8c8",
          "target": "Brandon",
          "target_id": "US0350",
          "target_color": "#99ef42",
          "vote_round": 1
        },
        {
          "voter": "Dawn",
          "voter_id": "US0346",
          "voter_color": "#bd2881",
          "target": "Brandon",
          "target_id": "US0350",
          "target_color": "#99ef42",
          "vote_round": 1
        },
        {
          "voter": "Cochran",
          "voter_id": "US0348",
          "voter_color": "#e54c7a",
          "target": "Brandon",
          "target_id": "US0350",
          "target_color": "#99ef42",
          "vote_round": 1
        },
        {
          "voter": "Brandon",
          "voter_id": "US0350",
          "voter_color": "#99ef42",
          "target": "Phillip",
          "target_id": "US0337",
          "target_color": "#1cc8c8",
          "vote_round": 1
        },
        {
          "voter": "Malcolm",
          "voter_id": "US0384",
          "voter_color": "#42bbef",
          "target": "Brandon",
          "target_id": "US0350",
          "target_color": "#99ef42",
          "vote_round": 1
        }
      ],
      "had_revote": false
    },
    {
      "tc_number": 6,
      "episode": 6,
      "day": 16,
      "sog_id": 7,
      "tribe": "Bikal",
      "tribe_color": "#844184",
      "tribe_status": "Swapped",
      "eliminated": "Matt",
      "eliminated_id": "US0391",
      "eliminated_color": "#45bd28",
      "elimination_type": "voted_out",
      "votes": [
        {
          "voter": "Corinne",
          "voter_id": "US0259",
          "voter_color": "#11d45f",
          "target": "Matt",
          "target_id": "US0391",
          "target_color": "#45bd28",
          "vote_round": 1
        },
        {
          "voter": "Phillip",
          "voter_id": "US0337",
          "voter_color": "#1cc8c8",
          "target": "Matt",
          "target_id": "US0391",
          "target_color": "#45bd28",
          "vote_round": 1
        },
        {
          "voter": "Dawn",
          "voter_id": "US0346",
          "voter_color": "#bd2881",
          "target": "Matt",
          "target_id": "US0391",
          "target_color": "#45bd28",
          "vote_round": 1
        },
        {
          "voter": "Cochran",
          "voter_id": "US0348",
          "voter_color": "#e54c7a",
          "target": "Matt",
          "target_id": "US0391",
          "target_color": "#45bd28",
          "vote_round": 1
        },
        {
          "voter": "Matt",
          "voter_id": "US0391",
          "voter_color": "#45bd28",
          "target": "Julia",
          "target_id": "US0392",
          "target_color": "#4ce55b",
          "vote_round": 1
        },
        {
          "voter": "Julia",
          "voter_id": "US0392",
          "voter_color": "#4ce55b",
          "target": "Dawn",
          "target_id": "US0346",
          "target_color": "#bd2881",
          "vote_round": 1
        },
        {
          "voter": "Michael",
          "voter_id": "US0393",
          "voter_color": "#56dbb3",
          "target": "Julia",
          "target_id": "US0392",
          "target_color": "#4ce55b",
          "vote_round": 1
        }
      ],
      "had_revote": false
    },
    {
      "tc_number": 7,
      "episode": 7,
      "day": 19,
      "sog_id": 8,
      "tribe": "Bikal",
      "tribe_color": "#844184",
      "tribe_status": "Swapped",
      "eliminated": "Julia",
      "eliminated_id": "US0392",
      "eliminated_color": "#4ce55b",
      "elimination_type": "deadlock",
      "votes": [
        {
          "voter": "Corinne",
          "voter_id": "US0259",
          "voter_color": "#11d45f",
          "target": "Julia",
          "target_id": "US0392",
          "target_color": "#4ce55b",
          "vote_round": 1
        },
        {
          "voter": "Phillip",
          "voter_id": "US0337",
          "voter_color": "#1cc8c8",
          "target": "Michael",
          "target_id": "US0393",
          "target_color": "#56dbb3",
          "vote_round": 1
        },
        {
          "voter": "Dawn",
          "voter_id": "US0346",
          "voter_color": "#bd2881",
          "target": "Julia",
          "target_id": "US0392",
          "target_color": "#4ce55b",
          "vote_round": 1
        },
        {
          "voter": "Cochran",
          "voter_id": "US0348",
          "voter_color": "#e54c7a",
          "target": "Michael",
          "target_id": "US0393",
          "target_color": "#56dbb3",
          "vote_round": 1
        },
        {
          "voter": "Julia",
          "voter_id": "US0392",
          "voter_color": "#4ce55b",
          "target": "Michael",
          "target_id": "US0393",
          "target_color": "#56dbb3",
          "vote_round": 1
        },
        {
          "voter": "Michael",
          "voter_id": "US0393",
          "voter_color": "#56dbb3",
          "target": "Julia",
          "target_id": "US0392",
          "target_color": "#4ce55b",
          "vote_round": 1
        },
        {
          "voter": "Corinne",
          "voter_id": "US0259",
          "voter_color": "#11d45f",
          "target": "Julia",
          "target_id": "US0392",
          "target_color": "#4ce55b",
          "vote_round": 2
        },
        {
          "voter": "Phillip",
          "voter_id": "US0337",
          "voter_color": "#1cc8c8",
          "target": "Julia",
          "target_id": "US0392",
          "target_color": "#4ce55b",
          "vote_round": 2
        },
        {
          "voter": "Dawn",
          "voter_id": "US0346",
          "voter_color": "#bd2881",
          "target": "Julia",
          "target_id": "US0392",
          "target_color": "#4ce55b",
          "vote_round": 2
        },
        {
          "voter": "Cochran",
          "voter_id": "US0348",
          "voter_color": "#e54c7a",
          "target": "Julia",
          "target_id": "US0392",
          "target_color": "#4ce55b",
          "vote_round": 2
        }
      ],
      "had_revote": true
    },
    {
      "tc_number": 8,
      "episode": 8,
      "day": 22,
      "sog_id": 9,
      "tribe": "Enil Edam",
      "tribe_color": "#81C41C",
      "tribe_status": "Merged",
      "eliminated": "Corinne",
      "eliminated_id": "US0259",
      "eliminated_color": "#11d45f",
      "elimination_type": "voted_out",
      "votes": [
        {
          "voter": "Erik",
          "voter_id": "US0246",
          "voter_color": "#9856db",
          "target": "Corinne",
          "target_id": "US0259",
          "target_color": "#11d45f",
          "vote_round": 1
        },
        {
          "voter": "Corinne",
          "voter_id": "US0259",
          "voter_color": "#11d45f",
          "target": "Sherri",
          "target_id": "US0396",
          "target_color": "#ef42de",
          "vote_round": 1
        },
        {
          "voter": "Brenda",
          "voter_id": "US0312",
          "voter_color": "#3811d4",
          "target": "Corinne",
          "target_id": "US0259",
          "target_color": "#11d45f",
          "vote_round": 1
        },
        {
          "voter": "Andrea",
          "voter_id": "US0333",
          "voter_color": "#4c5be5",
          "target": "Corinne",
          "target_id": "US0259",
          "target_color": "#11d45f",
          "vote_round": 1
        },
        {
          "voter": "Phillip",
          "voter_id": "US0337",
          "voter_color": "#1cc8c8",
          "target": "Corinne",
          "target_id": "US0259",
          "target_color": "#11d45f",
          "vote_round": 1
        },
        {
          "voter": "Dawn",
          "voter_id": "US0346",
          "voter_color": "#bd2881",
          "target": "Corinne",
          "target_id": "US0259",
          "target_color": "#11d45f",
          "vote_round": 1
        },
        {
          "voter": "Cochran",
          "voter_id": "US0348",
          "voter_color": "#e54c7a",
          "target": "Corinne",
          "target_id": "US0259",
          "target_color": "#11d45f",
          "vote_round": 1
        },
        {
          "voter": "Malcolm",
          "voter_id": "US0384",
          "voter_color": "#42bbef",
          "target": "Sherri",
          "target_id": "US0396",
          "target_color": "#ef42de",
          "vote_round": 1
        },
        {
          "voter": "Michael",
          "voter_id": "US0393",
          "voter_color": "#56dbb3",
          "target": "Sherri",
          "target_id": "US0396",
          "target_color": "#ef42de",
          "vote_round": 1
        },
        {
          "voter": "Reynold",
          "voter_id": "US0394",
          "voter_color": "#2863bd",
          "target": "Sherri",
          "target_id": "US0396",
          "target_color": "#ef42de",
          "vote_round": 1
        },
        {
          "voter": "Eddie",
          "voter_id": "US0395",
          "voter_color": "#a61cc8",
          "target": "Sherri",
          "target_id": "US0396",
          "target_color": "#ef42de",
          "vote_round": 1
        },
        {
          "voter": "Sherri",
          "voter_id": "US0396",
          "voter_color": "#ef42de",
          "target": "Corinne",
          "target_id": "US0259",
          "target_color": "#11d45f",
          "vote_round": 1
        }
      ],
      "had_revote": false
    },
    {
      "tc_number": 9,
      "episode": 9,
      "day": 25,
      "sog_id": 10,
      "tribe": "Enil Edam",
      "tribe_color": "#81C41C",
      "tribe_status": "Merged",
      "eliminated": "Michael",
      "eliminated_id": "US0393",
      "eliminated_color": "#56dbb3",
      "elimination_type": "voted_out",
      "votes": [
        {
          "voter": "Erik",
          "voter_id": "US0246",
          "voter_color": "#9856db",
          "target": "Michael",
          "target_id": "US0393",
          "target_color": "#56dbb3",
          "vote_round": 1
        },
        {
          "voter": "Brenda",
          "voter_id": "US0312",
          "voter_color": "#3811d4",
          "target": "Michael",
          "target_id": "US0393",
          "target_color": "#56dbb3",
          "vote_round": 1
        },
        {
          "voter": "Andrea",
          "voter_id": "US0333",
          "voter_color": "#4c5be5",
          "target": "Michael",
          "target_id": "US0393",
          "target_color": "#56dbb3",
          "vote_round": 1
        },
        {
          "voter": "Phillip",
          "voter_id": "US0337",
          "voter_color": "#1cc8c8",
          "target": "Michael",
          "target_id": "US0393",
          "target_color": "#56dbb3",
          "vote_round": 1
        },
        {
          "voter": "Dawn",
          "voter_id": "US0346",
          "voter_color": "#bd2881",
          "target": "Michael",
          "target_id": "US0393",
          "target_color": "#56dbb3",
          "vote_round": 1
        },
        {
          "voter": "Cochran",
          "voter_id": "US0348",
          "voter_color": "#e54c7a",
          "target": "Michael",
          "target_id": "US0393",
          "target_color": "#56dbb3",
          "vote_round": 1
        },
        {
          "voter": "Malcolm",
          "voter_id": "US0384",
          "voter_color": "#42bbef",
          "target": "Reynold",
          "target_id": "US0394",
          "target_color": "#2863bd",
          "vote_round": 1
        },
        {
          "voter": "Michael",
          "voter_id": "US0393",
          "voter_color": "#56dbb3",
          "target": "Andrea",
          "target_id": "US0333",
          "target_color": "#4c5be5",
          "vote_round": 1
        },
        {
          "voter": "Reynold",
          "voter_id": "US0394",
          "voter_color": "#2863bd",
          "target": "Andrea",
          "target_id": "US0333",
          "target_color": "#4c5be5",
          "vote_round": 1
        },
        {
          "voter": "Eddie",
          "voter_id": "US0395",
          "voter_color": "#a61cc8",
          "target": "Andrea",
          "target_id": "US0333",
          "target_color": "#4c5be5",
          "vote_round": 1
        },
        {
          "voter": "Sherri",
          "voter_id": "US0396",
          "voter_color": "#ef42de",
          "target": "Michael",
          "target_id": "US0393",
          "target_color": "#56dbb3",
          "vote_round": 1
        }
      ],
      "had_revote": false
    },
    {
      "tc_number": 10,
      "episode": 10,
      "day": 28,
      "sog_id": 11,
      "tribe": "Enil Edam",
      "tribe_color": "#81C41C",
      "tribe_status": "Merged",
      "eliminated": "Phillip",
      "eliminated_id": "US0337",
      "eliminated_color": "#1cc8c8",
      "elimination_type": "voted_out",
      "votes": [
        {
          "voter": "Erik",
          "voter_id": "US0246",
          "voter_color": "#9856db",
          "target": "Phillip",
          "target_id": "US0337",
          "target_color": "#1cc8c8",
          "vote_round": 1
        },
        {
          "voter": "Brenda",
          "voter_id": "US0312",
          "voter_color": "#3811d4",
          "target": "Eddie",
          "target_id": "US0395",
          "target_color": "#a61cc8",
          "vote_round": 1
        },
        {
          "voter": "Andrea",
          "voter_id": "US0333",
          "voter_color": "#4c5be5",
          "target": "Eddie",
          "target_id": "US0395",
          "target_color": "#a61cc8",
          "vote_round": 1
        },
        {
          "voter": "Phillip",
          "voter_id": "US0337",
          "voter_color": "#1cc8c8",
          "target": "Malcolm",
          "target_id": "US0384",
          "target_color": "#42bbef",
          "vote_round": 1
        },
        {
          "voter": "Dawn",
          "voter_id": "US0346",
          "voter_color": "#bd2881",
          "target": "Eddie",
          "target_id": "US0395",
          "target_color": "#a61cc8",
          "vote_round": 1
        },
        {
          "voter": "Cochran",
          "voter_id": "US0348",
          "voter_color": "#e54c7a",
          "target": "Malcolm",
          "target_id": "US0384",
          "target_color": "#42bbef",
          "vote_round": 1
        },
        {
          "voter": "Malcolm",
          "voter_id": "US0384",
          "voter_color": "#42bbef",
          "target": "Phillip",
          "target_id": "US0337",
          "target_color": "#1cc8c8",
          "vote_round": 1
        },
        {
          "voter": "Reynold",
          "voter_id": "US0394",
          "voter_color": "#2863bd",
          "target": "Phillip",
          "target_id": "US0337",
          "target_color": "#1cc8c8",
          "vote_round": 1
        },
        {
          "voter": "Eddie",
          "voter_id": "US0395",
          "voter_color": "#a61cc8",
          "target": "Phillip",
          "target_id": "US0337",
          "target_color": "#1cc8c8",
          "vote_round": 1
        },
        {
          "voter": "Sherri",
          "voter_id": "US0396",
          "voter_color": "#ef42de",
          "target": "Eddie",
          "target_id": "US0395",
          "target_color": "#a61cc8",
          "vote_round": 1
        }
      ],
      "had_revote": false
    },
    {
      "tc_number": 11,
      "episode": 11,
      "day": 30,
      "sog_id": 12,
      "tribe": "Enil Edam",
      "tribe_color": "#81C41C",
      "tribe_status": "Merged",
      "eliminated": "Malcolm",
      "eliminated_id": "US0384",
      "eliminated_color": "#42bbef",
      "elimination_type": "deadlock",
      "votes": [
        {
          "voter": "Erik",
          "voter_id": "US0246",
          "voter_color": "#9856db",
          "target": "Malcolm",
          "target_id": "US0384",
          "target_color": "#42bbef",
          "vote_round": 1
        },
        {
          "voter": "Brenda",
          "voter_id": "US0312",
          "voter_color": "#3811d4",
          "target": "Reynold",
          "target_id": "US0394",
          "target_color": "#2863bd",
          "vote_round": 1
        },
        {
          "voter": "Andrea",
          "voter_id": "US0333",
          "voter_color": "#4c5be5",
          "target": "Malcolm",
          "target_id": "US0384",
          "target_color": "#42bbef",
          "vote_round": 1
        },
        {
          "voter": "Dawn",
          "voter_id": "US0346",
          "voter_color": "#bd2881",
          "target": "Reynold",
          "target_id": "US0394",
          "target_color": "#2863bd",
          "vote_round": 1
        },
        {
          "voter": "Cochran",
          "voter_id": "US0348",
          "voter_color": "#e54c7a",
          "target": "Malcolm",
          "target_id": "US0384",
          "target_color": "#42bbef",
          "vote_round": 1
        },
        {
          "voter": "Malcolm",
          "voter_id": "US0384",
          "voter_color": "#42bbef",
          "target": "Andrea",
          "target_id": "US0333",
          "target_color": "#4c5be5",
          "vote_round": 1
        },
        {
          "voter": "Reynold",
          "voter_id": "US0394",
          "voter_color": "#2863bd",
          "target": "Andrea",
          "target_id": "US0333",
          "target_color": "#4c5be5",
          "vote_round": 1
        },
        {
          "voter": "Eddie",
          "voter_id": "US0395",
          "voter_color": "#a61cc8",
          "target": "Andrea",
          "target_id": "US0333",
          "target_color": "#4c5be5",
          "vote_round": 1
        },
        {
          "voter": "Sherri",
          "voter_id": "US0396",
          "voter_color": "#ef42de",
          "target": "Reynold",
          "target_id": "US0394",
          "target_color": "#2863bd",
          "vote_round": 1
        },
        {
          "voter": "Erik",
          "voter_id": "US0246",
          "voter_color": "#9856db",
          "target": "Malcolm",
          "target_id": "US0384",
          "target_color": "#42bbef",
          "vote_round": 2
        },
        {
          "voter": "Brenda",
          "voter_id": "US0312",
          "voter_color": "#3811d4",
          "target": "Malcolm",
          "target_id": "US0384",
          "target_color": "#42bbef",
          "vote_round": 2
        },
        {
          "voter": "Dawn",
          "voter_id": "US0346",
          "voter_color": "#bd2881",
          "target": "Malcolm",
          "target_id": "US0384",
          "target_color": "#42bbef",
          "vote_round": 2
        },
        {
          "voter": "Cochran",
          "voter_id": "US0348",
          "voter_color": "#e54c7a",
          "target": "Malcolm",
          "target_id": "US0384",
          "target_color": "#42bbef",
          "vote_round": 2
        },
        {
          "voter": "Eddie",
          "voter_id": "US0395",
          "voter_color": "#a61cc8",
          "target": "Malcolm",
          "target_id": "US0384",
          "target_color": "#42bbef",
          "vote_round": 2
        },
        {
          "voter": "Sherri",
          "voter_id": "US0396",
          "voter_color": "#ef42de",
          "target": "Malcolm",
          "target_id": "US0384",
          "target_color": "#42bbef",
          "vote_round": 2
        }
      ],
      "had_revote": true
    },
    {
      "tc_number": 12,
      "episode": 12,
      "day": 31,
      "sog_id": 13,
      "tribe": "Enil Edam",
      "tribe_color": "#81C41C",
      "tribe_status": "Merged",
      "eliminated": "Reynold",
      "eliminated_id": "US0394",
      "eliminated_color": "#2863bd",
      "elimination_type": "voted_out",
      "votes": [
        {
          "voter": "Erik",
          "voter_id": "US0246",
          "voter_color": "#9856db",
          "target": "Eddie",
          "target_id": "US0395",
          "target_color": "#a61cc8",
          "vote_round": 1
        },
        {
          "voter": "Brenda",
          "voter_id": "US0312",
          "voter_color": "#3811d4",
          "target": "Reynold",
          "target_id": "US0394",
          "target_color": "#2863bd",
          "vote_round": 1
        },
        {
          "voter": "Andrea",
          "voter_id": "US0333",
          "voter_color": "#4c5be5",
          "target": "Reynold",
          "target_id": "US0394",
          "target_color": "#2863bd",
          "vote_round": 1
        },
        {
          "voter": "Dawn",
          "voter_id": "US0346",
          "voter_color": "#bd2881",
          "target": "Reynold",
          "target_id": "US0394",
          "target_color": "#2863bd",
          "vote_round": 1
        },
        {
          "voter": "Cochran",
          "voter_id": "US0348",
          "voter_color": "#e54c7a",
          "target": "Eddie",
          "target_id": "US0395",
          "target_color": "#a61cc8",
          "vote_round": 1
        },
        {
          "voter": "Reynold",
          "voter_id": "US0394",
          "voter_color": "#2863bd",
          "target": "Erik",
          "target_id": "US0246",
          "target_color": "#9856db",
          "vote_round": 1
        },
        {
          "voter": "Eddie",
          "voter_id": "US0395",
          "voter_color": "#a61cc8",
          "target": "Sherri",
          "target_id": "US0396",
          "target_color": "#ef42de",
          "vote_round": 1
        },
        {
          "voter": "Sherri",
          "voter_id": "US0396",
          "voter_color": "#ef42de",
          "target": "Reynold",
          "target_id": "US0394",
          "target_color": "#2863bd",
          "vote_round": 1
        }
      ],
      "had_revote": false
    },
    {
      "tc_number": 13,
      "episode": 12,
      "day": 33,
      "sog_id": 14,
      "tribe": "Enil Edam",
      "tribe_color": "#81C41C",
      "tribe_status": "Merged",
      "eliminated": "Andrea",
      "eliminated_id": "US0333",
      "eliminated_color": "#4c5be5",
      "elimination_type": "voted_out",
      "votes": [
        {
          "voter": "Erik",
          "voter_id": "US0246",
          "voter_color": "#9856db",
          "target": "Andrea",
          "target_id": "US0333",
          "target_color": "#4c5be5",
          "vote_round": 1
        },
        {
          "voter": "Brenda",
          "voter_id": "US0312",
          "voter_color": "#3811d4",
          "target": "Andrea",
          "target_id": "US0333",
          "target_color": "#4c5be5",
          "vote_round": 1
        },
        {
          "voter": "Andrea",
          "voter_id": "US0333",
          "voter_color": "#4c5be5",
          "target": "Brenda",
          "target_id": "US0312",
          "target_color": "#3811d4",
          "vote_round": 1
        },
        {
          "voter": "Dawn",
          "voter_id": "US0346",
          "voter_color": "#bd2881",
          "target": "Eddie",
          "target_id": "US0395",
          "target_color": "#a61cc8",
          "vote_round": 1
        },
        {
          "voter": "Cochran",
          "voter_id": "US0348",
          "voter_color": "#e54c7a",
          "target": "Eddie",
          "target_id": "US0395",
          "target_color": "#a61cc8",
          "vote_round": 1
        },
        {
          "voter": "Eddie",
          "voter_id": "US0395",
          "voter_color": "#a61cc8",
          "target": "Brenda",
          "target_id": "US0312",
          "target_color": "#3811d4",
          "vote_round": 1
        },
        {
          "voter": "Sherri",
          "voter_id": "US0396",
          "voter_color": "#ef42de",
          "target": "Andrea",
          "target_id": "US0333",
          "target_color": "#4c5be5",
          "vote_round": 1
        }
      ],
      "had_revote": false
    },
    {
      "tc_number": 14,
      "episode": 13,
      "day": 36,
      "sog_id": 15,
      "tribe": "Enil Edam",
      "tribe_color": "#81C41C",
      "tribe_status": "Merged",
      "eliminated": "Brenda",
      "eliminated_id": "US0312",
      "eliminated_color": "#3811d4",
      "elimination_type": "voted_out",
      "votes": [
        {
          "voter": "Erik",
          "voter_id": "US0246",
          "voter_color": "#9856db",
          "target": "Eddie",
          "target_id": "US0395",
          "target_color": "#a61cc8",
          "vote_round": 1
        },
        {
          "voter": "Brenda",
          "voter_id": "US0312",
          "voter_color": "#3811d4",
          "target": "Eddie",
          "target_id": "US0395",
          "target_color": "#a61cc8",
          "vote_round": 1
        },
        {
          "voter": "Dawn",
          "voter_id": "US0346",
          "voter_color": "#bd2881",
          "target": "Brenda",
          "target_id": "US0312",
          "target_color": "#3811d4",
          "vote_round": 1
        },
        {
          "voter": "Cochran",
          "voter_id": "US0348",
          "voter_color": "#e54c7a",
          "target": "Brenda",
          "target_id": "US0312",
          "target_color": "#3811d4",
          "vote_round": 1
        },
        {
          "voter": "Eddie",
          "voter_id": "US0395",
          "voter_color": "#a61cc8",
          "target": "Erik",
          "target_id": "US0246",
          "target_color": "#9856db",
          "vote_round": 1
        },
        {
          "voter": "Sherri",
          "voter_id": "US0396",
          "voter_color": "#ef42de",
          "target": "Brenda",
          "target_id": "US0312",
          "target_color": "#3811d4",
          "vote_round": 1
        }
      ],
      "had_revote": false
    },
    {
      "tc_number": 15,
      "episode": 14,
      "day": 38,
      "sog_id": 17,
      "tribe": "Enil Edam",
      "tribe_color": "#81C41C",
      "tribe_status": "Merged",
      "eliminated": "Eddie",
      "eliminated_id": "US0395",
      "eliminated_color": "#a61cc8",
      "elimination_type": "voted_out",
      "votes": [
        {
          "voter": "Dawn",
          "voter_id": "US0346",
          "voter_color": "#bd2881",
          "target": "Eddie",
          "target_id": "US0395",
          "target_color": "#a61cc8",
          "vote_round": 1
        },
        {
          "voter": "Cochran",
          "voter_id": "US0348",
          "voter_color": "#e54c7a",
          "target": "Eddie",
          "target_id": "US0395",
          "target_color": "#a61cc8",
          "vote_round": 1
        },
        {
          "voter": "Eddie",
          "voter_id": "US0395",
          "voter_color": "#a61cc8",
          "target": "Dawn",
          "target_id": "US0346",
          "target_color": "#bd2881",
          "vote_round": 1
        },
        {
          "voter": "Sherri",
          "voter_id": "US0396",
          "voter_color": "#ef42de",
          "target": "Eddie",
          "target_id": "US0395",
          "target_color": "#a61cc8",
          "vote_round": 1
        }
      ],
      "had_revote": false
    }
  ],
  "boot_order": [
    {
      "name": "Francesca",
      "id": "US0322",
      "color": "#bd2828",
      "tc_number": 1,
      "placement": 1,
      "elimination_type": "voted_out"
    },
    {
      "name": "Allie",
      "id": "US0387",
      "color": "#e57a4c",
      "tc_number": 2,
      "placement": 2,
      "elimination_type": "voted_out"
    },
    {
      "name": "Hope",
      "id": "US0388",
      "color": "#d48611",
      "tc_number": 3,
      "placement": 3,
      "elimination_type": "deadlock"
    },
    {
      "name": "Laura",
      "id": "US0390",
      "color": "#a6c81c",
      "tc_number": 4,
      "placement": 5,
      "elimination_type": "voted_out"
    },
    {
      "name": "Brandon",
      "id": "US0350",
      "color": "#99ef42",
      "tc_number": 5,
      "placement": 6,
      "elimination_type": "voted_out"
    },
    {
      "name": "Matt",
      "id": "US0391",
      "color": "#45bd28",
      "tc_number": 6,
      "placement": 7,
      "elimination_type": "voted_out"
    },
    {
      "name": "Julia",
      "id": "US0392",
      "color": "#4ce55b",
      "tc_number": 7,
      "placement": 8,
      "elimination_type": "deadlock"
    },
    {
      "name": "Corinne",
      "id": "US0259",
      "color": "#11d45f",
      "tc_number": 8,
      "placement": 9,
      "elimination_type": "voted_out"
    },
    {
      "name": "Michael",
      "id": "US0393",
      "color": "#56dbb3",
      "tc_number": 9,
      "placement": 10,
      "elimination_type": "voted_out"
    },
    {
      "name": "Phillip",
      "id": "US0337",
      "color": "#1cc8c8",
      "tc_number": 10,
      "placement": 11,
      "elimination_type": "voted_out"
    },
    {
      "name": "Malcolm",
      "id": "US0384",
      "color": "#42bbef",
      "tc_number": 11,
      "placement": 12,
      "elimination_type": "deadlock"
    },
    {
      "name": "Reynold",
      "id": "US0394",
      "color": "#2863bd",
      "tc_number": 12,
      "placement": 13,
      "elimination_type": "voted_out"
    },
    {
      "name": "Andrea",
      "id": "US0333",
      "color": "#4c5be5",
      "tc_number": 13,
      "placement": 14,
      "elimination_type": "voted_out"
    },
    {
      "name": "Brenda",
      "id": "US0312",
      "color": "#3811d4",
      "tc_number": 14,
      "placement": 15,
      "elimination_type": "voted_out"
    },
    {
      "name": "Eddie",
      "id": "US0395",
      "color": "#a61cc8",
      "tc_number": 15,
      "placement": 17,
      "elimination_type": "voted_out"
    },
    {
      "name": "Dawn",
      "id": "US0346",
      "color": "#bd2881",
      "tc_number": 16,
      "placement": 19,
      "elimination_type": "FTC",
      "ftc_votes": 0
    },
    {
      "name": "Sherri",
      "id": "US0396",
      "color": "#ef42de",
      "tc_number": 16,
      "placement": 18,
      "elimination_type": "FTC",
      "ftc_votes": 0
    },
    {
      "name": "Cochran",
      "id": "US0348",
      "color": "#e54c7a",
      "tc_number": 16,
      "placement": 20,
      "elimination_type": "FTC",
      "ftc_votes": 8
    }
  ],
  "ftc": {
    "finalists": [
      {
        "id": "US0348",
        "name": "Cochran",
        "color": "#e54c7a",
        "votes_received": 8
      },
      {
        "id": "US0346",
        "name": "Dawn",
        "color": "#bd2881",
        "votes_received": 0
      },
      {
        "id": "US0396",
        "name": "Sherri",
        "color": "#ef42de",
        "votes_received": 0
      }
    ],
    "jury_votes": [
      {
        "juror_id": "US0333",
        "juror_name": "Andrea",
        "juror_color": "#4c5be5",
        "voted_for_id": "US0348",
        "voted_for_name": "Cochran",
        "voted_for_color": "#e54c7a",
        "alignment_pct": 62.5,
        "eligible_votes": 8,
        "aligned_votes": 5,
        "finalist_helped_eliminate": true
      },
      {
        "juror_id": "US0312",
        "juror_name": "Brenda",
        "juror_color": "#3811d4",
        "voted_for_id": "US0348",
        "voted_for_name": "Cochran",
        "voted_for_color": "#e54c7a",
        "alignment_pct": 33.3,
        "eligible_votes": 9,
        "aligned_votes": 3,
        "finalist_helped_eliminate": true
      },
      {
        "juror_id": "US0395",
        "juror_name": "Eddie",
        "juror_color": "#a61cc8",
        "voted_for_id": "US0348",
        "voted_for_name": "Cochran",
        "voted_for_color": "#e54c7a",
        "alignment_pct": 0.0,
        "eligible_votes": 8,
        "aligned_votes": 0,
        "finalist_helped_eliminate": true
      },
      {
        "juror_id": "US0246",
        "juror_name": "Erik",
        "juror_color": "#9856db",
        "voted_for_id": "US0348",
        "voted_for_name": "Cochran",
        "voted_for_color": "#e54c7a",
        "alignment_pct": 55.6,
        "eligible_votes": 9,
        "aligned_votes": 5,
        "finalist_helped_eliminate": false
      },
      {
        "juror_id": "US0384",
        "juror_name": "Malcolm",
        "juror_color": "#42bbef",
        "voted_for_id": "US0348",
        "voted_for_name": "Cochran",
        "voted_for_color": "#e54c7a",
        "alignment_pct": 33.3,
        "eligible_votes": 6,
        "aligned_votes": 2,
        "finalist_helped_eliminate": true
      },
      {
        "juror_id": "US0393",
        "juror_name": "Michael",
        "juror_color": "#56dbb3",
        "voted_for_id": "US0348",
        "voted_for_name": "Cochran",
        "voted_for_color": "#e54c7a",
        "alignment_pct": 0.0,
        "eligible_votes": 4,
        "aligned_votes": 0,
        "finalist_helped_eliminate": true
      },
      {
        "juror_id": "US0337",
        "juror_name": "Phillip",
        "juror_color": "#1cc8c8",
        "voted_for_id": "US0348",
        "voted_for_name": "Cochran",
        "voted_for_color": "#e54c7a",
        "alignment_pct": 100.0,
        "eligible_votes": 7,
        "aligned_votes": 7,
        "finalist_helped_eliminate": true
      },
      {
        "juror_id": "US0394",
        "juror_name": "Reynold",
        "juror_color": "#2863bd",
        "voted_for_id": "US0348",
        "voted_for_name": "Cochran",
        "voted_for_color": "#e54c7a",
        "alignment_pct": 0.0,
        "eligible_votes": 5,
        "aligned_votes": 0,
        "finalist_helped_eliminate": true
      }
    ]
  }
}