{
  "season": 34,
  "version_season": "US34",
  "version": "US",
  "total_castaways": 20,
  "total_tribal_councils": 17,
  "castaways": [
    {
      "id": "US0406",
      "name": "Ciera",
      "full_name": "Ciera Eastin",
      "tribe": "Mana",
      "tribe_color": "#A32D21",
      "color": "#bd2828",
      "placement": 1,
      "result": "1st voted out"
    },
    {
      "id": "US0424",
      "name": "Tony",
      "full_name": "Tony Vlachos",
      "tribe": "Mana",
      "tribe_color": "#A32D21",
      "color": "#e57a4c",
      "placement": 2,
      "result": "2nd voted out"
    },
    {
      "id": "US0464",
      "name": "Caleb",
      "full_name": "Caleb Reynolds",
      "tribe": "Mana",
      "tribe_color": "#A32D21",
      "color": "#d48611",
      "placement": 3,
      "result": "3rd voted out"
    },
    {
      "id": "US0384",
      "name": "Malcolm",
      "full_name": "Malcolm Freberg",
      "tribe": "Mana",
      "tribe_color": "#A32D21",
      "color": "#dbce56",
      "placement": 4,
      "result": "4th voted out"
    },
    {
      "id": "US0281",
      "name": "J.T.",
      "full_name": "James Thomas Jr.",
      "tribe": "Nuku",
      "tribe_color": "#105B91",
      "color": "#a6c81c",
      "placement": 5,
      "result": "5th voted out"
    },
    {
      "id": "US0112",
      "name": "Sandra",
      "full_name": "Sandra Diaz-Twine",
      "tribe": "Mana",
      "tribe_color": "#A32D21",
      "color": "#99ef42",
      "placement": 6,
      "result": "6th voted out"
    },
    {
      "id": "US0023",
      "name": "Jeff",
      "full_name": "Jeff Varner",
      "tribe": "Mana",
      "tribe_color": "#A32D21",
      "color": "#45bd28",
      "placement": 7,
      "result": "7th voted out"
    },
    {
      "id": "US0450",
      "name": "Hali",
      "full_name": "Hali Ford",
      "tribe": "Mana",
      "tribe_color": "#A32D21",
      "color": "#4ce55b",
      "placement": 8,
      "result": "8th voted out"
    },
    {
      "id": "US0201",
      "name": "Ozzy",
      "full_name": "Oscar Lusth",
      "tribe": "Nuku",
      "tribe_color": "#105B91",
      "color": "#11d45f",
      "placement": 9,
      "result": "9th voted out"
    },
    {
      "id": "US0470",
      "name": "Debbie",
      "full_name": "Debbie Wanner",
      "tribe": "Nuku",
      "tribe_color": "#105B91",
      "color": "#56dbb3",
      "placement": 10,
      "result": "10th voted out"
    },
    {
      "id": "US0490",
      "name": "Zeke",
      "full_name": "Zeke Smith",
      "tribe": "Nuku",
      "tribe_color": "#105B91",
      "color": "#1cc8c8",
      "placement": 11,
      "result": "11th voted out"
    },
    {
      "id": "US0456",
      "name": "Sierra",
      "full_name": "Sierra Dawn Thomas",
      "tribe": "Nuku",
      "tribe_color": "#105B91",
      "color": "#42bbef",
      "placement": 12,
      "result": "12th voted out"
    },
    {
      "id": "US0333",
      "name": "Andrea",
      "full_name": "Andrea Boehlke",
      "tribe": "Nuku",
      "tribe_color": "#105B91",
      "color": "#2863bd",
      "placement": 13,
      "result": "13th voted out"
    },
    {
      "id": "US0485",
      "name": "Michaela",
      "full_name": "Michaela Bradshaw",
      "tribe": "Mana",
      "tribe_color": "#A32D21",
      "color": "#4c5be5",
      "placement": 14,
      "result": "14th voted out"
    },
    {
      "id": "US0179",
      "name": "Cirie",
      "full_name": "Cirie Fields",
      "tribe": "Nuku",
      "tribe_color": "#105B91",
      "color": "#3811d4",
      "placement": 15,
      "result": "Eliminated"
    },
    {
      "id": "US0477",
      "name": "Aubry",
      "full_name": "Aubry Bracco",
      "tribe": "Mana",
      "tribe_color": "#A32D21",
      "color": "#9856db",
      "placement": 16,
      "result": "15th voted out"
    },
    {
      "id": "US0476",
      "name": "Tai",
      "full_name": "Tai Trang",
      "tribe": "Nuku",
      "tribe_color": "#105B91",
      "color": "#a61cc8",
      "placement": 17,
      "result": "16th voted out"
    },
    {
      "id": "US0364",
      "name": "Troyzan",
      "full_name": "Troy Robertson",
      "tribe": "Mana",
      "tribe_color": "#A32D21",
      "color": "#ef42de",
      "placement": 18,
      "result": "2nd runner-up"
    },
    {
      "id": "US0401",
      "name": "Brad",
      "full_name": "Brad Culpepper",
      "tribe": "Nuku",
      "tribe_color": "#105B91",
      "color": "#bd2881",
      "placement": 19,
      "result": "Runner-up"
    },
    {
      "id": "US0414",
      "name": "Sarah",
      "full_name": "Sarah Lacina",
      "tribe": "Nuku",
      "tribe_color": "#105B91",
      "color": "#e54c7a",
      "placement": 20,
      "result": "Sole Survivor"
    }
  ],
  "tribes": {
    "Maku Maku": "#F4CC3C",
    "Mana": "#A32D21",
    "Nuku": "#105B91",
    "Tavua": "#3BD23A"
  },
  "tribal_councils": [
    {
      "tc_number": 1,
      "episode": 1,
      "day": 3,
      "sog_id": 1,
      "tribe": "Mana",
      "tribe_color": "#A32D21",
      "tribe_status": "Original",
      "eliminated": "Ciera",
      "eliminated_id": "US0406",
      "eliminated_color": "#bd2828",
      "elimination_type": "voted_out",
      "votes": [
        {
          "voter": "Jeff",
          "voter_id": "US0023",
          "voter_color": "#45bd28",
          "target": "Ciera",
          "target_id": "US0406",
          "target_color": "#bd2828",
          "vote_round": 1
        },
        {
          "voter": "Sandra",
          "voter_id": "US0112",
          "voter_color": "#99ef42",
          "target": "Ciera",
          "target_id": "US0406",
          "target_color": "#bd2828",
          "vote_round": 1
        },
        {
          "voter": "Troyzan",
          "voter_id": "US0364",
          "voter_color": "#ef42de",
          "target": "Ciera",
          "target_id": "US0406",
          "target_color": "#bd2828",
          "vote_round": 1
        },
        {
          "voter": "Malcolm",
          "voter_id": "US0384",
          "voter_color": "#dbce56",
          "target": "Ciera",
          "target_id": "US0406",
          "target_color": "#bd2828",
          "vote_round": 1
        },
        {
          "voter": "Ciera",
          "voter_id": "US0406",
          "voter_color": "#bd2828",
          "target": "Michaela",
          "target_id": "US0485",
          "target_color": "#4c5be5",
          "vote_round": 1
        },
        {
          "voter": "Tony",
          "voter_id": "US0424",
          "voter_color": "#e57a4c",
          "target": "Ciera",
          "target_id": "US0406",
          "target_color": "#bd2828",
          "vote_round": 1
        },
        {
          "voter": "Hali",
          "voter_id": "US0450",
          "voter_color": "#4ce55b",
          "target": "Ciera",
          "target_id": "US0406",
          "target_color": "#bd2828",
          "vote_round": 1
        },
        {
          "voter": "Caleb",
          "voter_id": "US0464",
          "voter_color": "#d48611",
          "target": "Ciera",
          "target_id": "US0406",
          "target_color": "#bd2828",
          "vote_round": 1
        },
        {
          "voter": "Aubry",
          "voter_id": "US0477",
          "voter_color": "#9856db",
          "target": "Ciera",
          "target_id": "US0406",
          "target_color": "#bd2828",
          "vote_round": 1
        },
        {
          "voter": "Michaela",
          "voter_id": "US0485",
          "voter_color": "#4c5be5",
          "target": "Ciera",
          "target_id": "US0406",
          "target_color": "#bd2828",
          "vote_round": 1
        }
      ],
      "had_revote": false
    },
    {
      "tc_number": 2,
      "episode": 1,
      "day": 6,
      "sog_id": 2,
      "tribe": "Mana",
      "tribe_color": "#A32D21",
      "tribe_status": "Original",
      "eliminated": "Tony",
      "eliminated_id": "US0424",
      "eliminated_color": "#e57a4c",
      "elimination_type": "voted_out",
      "votes": [
        {
          "voter": "Jeff",
          "voter_id": "US0023",
          "voter_color": "#45bd28",
          "target": "Tony",
          "target_id": "US0424",
          "target_color": "#e57a4c",
          "vote_round": 1
        },
        {
          "voter": "Sandra",
          "voter_id": "US0112",
          "voter_color": "#99ef42",
          "target": "Aubry",
          "target_id": "US0477",
          "target_color": "#9856db",
          "vote_round": 1
        },
        {
          "voter": "Troyzan",
          "voter_id": "US0364",
          "voter_color": "#ef42de",
          "target": "Tony",
          "target_id": "US0424",
          "target_color": "#e57a4c",
          "vote_round": 1
        },
        {
          "voter": "Malcolm",
          "voter_id": "US0384",
          "voter_color": "#dbce56",
          "target": "Tony",
          "target_id": "US0424",
          "target_color": "#e57a4c",
          "vote_round": 1
        },
        {
          "voter": "Tony",
          "voter_id": "US0424",
          "voter_color": "#e57a4c",
          "target": "Aubry",
          "target_id": "US0477",
          "target_color": "#9856db",
          "vote_round": 1
        },
        {
          "voter": "Hali",
          "voter_id": "US0450",
          "voter_color": "#4ce55b",
          "target": "Tony",
          "target_id": "US0424",
          "target_color": "#e57a4c",
          "vote_round": 1
        },
        {
          "voter": "Caleb",
          "voter_id": "US0464",
          "voter_color": "#d48611",
          "target": "Tony",
          "target_id": "US0424",
          "target_color": "#e57a4c",
          "vote_round": 1
        },
        {
          "voter": "Aubry",
          "voter_id": "US0477",
          "voter_color": "#9856db",
          "target": "Tony",
          "target_id": "US0424",
          "target_color": "#e57a4c",
          "vote_round": 1
        },
        {
          "voter": "Michaela",
          "voter_id": "US0485",
          "voter_color": "#4c5be5",
          "target": "Tony",
          "target_id": "US0424",
          "target_color": "#e57a4c",
          "vote_round": 1
        }
      ],
      "had_revote": false
    },
    {
      "tc_number": 3,
      "episode": 2,
      "day": 9,
      "sog_id": 3,
      "tribe": "Mana",
      "tribe_color": "#A32D21",
      "tribe_status": "Swapped",
      "eliminated": "Caleb",
      "eliminated_id": "US0464",
      "eliminated_color": "#d48611",
      "elimination_type": "voted_out",
      "votes": [
        {
          "voter": "Brad",
          "voter_id": "US0401",
          "voter_color": "#bd2881",
          "target": "Caleb",
          "target_id": "US0464",
          "target_color": "#d48611",
          "vote_round": 1
        },
        {
          "voter": "Hali",
          "voter_id": "US0450",
          "voter_color": "#4ce55b",
          "target": "Caleb",
          "target_id": "US0464",
          "target_color": "#d48611",
          "vote_round": 1
        },
        {
          "voter": "Sierra",
          "voter_id": "US0456",
          "voter_color": "#42bbef",
          "target": "Caleb",
          "target_id": "US0464",
          "target_color": "#d48611",
          "vote_round": 1
        },
        {
          "voter": "Caleb",
          "voter_id": "US0464",
          "voter_color": "#d48611",
          "target": "Hali",
          "target_id": "US0450",
          "target_color": "#4ce55b",
          "vote_round": 1
        },
        {
          "voter": "Debbie",
          "voter_id": "US0470",
          "voter_color": "#56dbb3",
          "target": "Caleb",
          "target_id": "US0464",
          "target_color": "#d48611",
          "vote_round": 1
        },
        {
          "voter": "Tai",
          "voter_id": "US0476",
          "voter_color": "#a61cc8",
          "target": "Caleb",
          "target_id": "US0464",
          "target_color": "#d48611",
          "vote_round": 1
        }
      ],
      "had_revote": false
    },
    {
      "tc_number": 4,
      "episode": 3,
      "day": 11,
      "sog_id": 4,
      "tribe": "Nuku",
      "tribe_color": "#105B91",
      "tribe_status": "Swapped",
      "eliminated": "Malcolm",
      "eliminated_id": "US0384",
      "eliminated_color": "#dbce56",
      "elimination_type": "voted_out",
      "votes": [
        {
          "voter": "Jeff",
          "voter_id": "US0023",
          "voter_color": "#45bd28",
          "target": "Sierra",
          "target_id": "US0456",
          "target_color": "#42bbef",
          "vote_round": 1
        },
        {
          "voter": "Sandra",
          "voter_id": "US0112",
          "voter_color": "#99ef42",
          "target": "Sierra",
          "target_id": "US0456",
          "target_color": "#42bbef",
          "vote_round": 1
        },
        {
          "voter": "J.T.",
          "voter_id": "US0281",
          "voter_color": "#a6c81c",
          "target": "Sierra",
          "target_id": "US0456",
          "target_color": "#42bbef",
          "vote_round": 1
        },
        {
          "voter": "Malcolm",
          "voter_id": "US0384",
          "voter_color": "#dbce56",
          "target": "Sierra",
          "target_id": "US0456",
          "target_color": "#42bbef",
          "vote_round": 1
        },
        {
          "voter": "Brad",
          "voter_id": "US0401",
          "voter_color": "#bd2881",
          "target": "Malcolm",
          "target_id": "US0384",
          "target_color": "#dbce56",
          "vote_round": 1
        },
        {
          "voter": "Hali",
          "voter_id": "US0450",
          "voter_color": "#4ce55b",
          "target": "Malcolm",
          "target_id": "US0384",
          "target_color": "#dbce56",
          "vote_round": 1
        },
        {
          "voter": "Sierra",
          "voter_id": "US0456",
          "voter_color": "#42bbef",
          "target": "Malcolm",
          "target_id": "US0384",
          "target_color": "#dbce56",
          "vote_round": 1
        },
        {
          "voter": "Debbie",
          "voter_id": "US0470",
          "voter_color": "#56dbb3",
          "target": "Malcolm",
          "target_id": "US0384",
          "target_color": "#dbce56",
          "vote_round": 1
        },
        {
          "voter": "Tai",
          "voter_id": "US0476",
          "voter_color": "#a61cc8",
          "target": "Malcolm",
          "target_id": "US0384",
          "target_color": "#dbce56",
          "vote_round": 1
        },
        {
          "voter": "Aubry",
          "voter_id": "US0477",
          "voter_color": "#9856db",
          "target": "Sierra",
          "target_id": "US0456",
          "target_color": "#42bbef",
          "vote_round": 1
        },
        {
          "voter": "Michaela",
          "voter_id": "US0485",
          "voter_color": "#4c5be5",
          "target": "Sierra",
          "target_id": "US0456",
          "target_color": "#42bbef",
          "vote_round": 1
        }
      ],
      "had_revote": false
    },
    {
      "tc_number": 5,
      "episode": 4,
      "day": 13,
      "sog_id": 5,
      "tribe": "Nuku",
      "tribe_color": "#105B91",
      "tribe_status": "Swapped",
      "eliminated": "J.T.",
      "eliminated_id": "US0281",
      "eliminated_color": "#a6c81c",
      "elimination_type": "voted_out",
      "votes": [
        {
          "voter": "Jeff",
          "voter_id": "US0023",
          "voter_color": "#45bd28",
          "target": "J.T.",
          "target_id": "US0281",
          "target_color": "#a6c81c",
          "vote_round": 1
        },
        {
          "voter": "Sandra",
          "voter_id": "US0112",
          "voter_color": "#99ef42",
          "target": "J.T.",
          "target_id": "US0281",
          "target_color": "#a6c81c",
          "vote_round": 1
        },
        {
          "voter": "J.T.",
          "voter_id": "US0281",
          "voter_color": "#a6c81c",
          "target": "Michaela",
          "target_id": "US0485",
          "target_color": "#4c5be5",
          "vote_round": 1
        },
        {
          "voter": "Aubry",
          "voter_id": "US0477",
          "voter_color": "#9856db",
          "target": "Michaela",
          "target_id": "US0485",
          "target_color": "#4c5be5",
          "vote_round": 1
        },
        {
          "voter": "Michaela",
          "voter_id": "US0485",
          "voter_color": "#4c5be5",
          "target": "J.T.",
          "target_id": "US0281",
          "target_color": "#a6c81c",
          "vote_round": 1
        }
      ],
      "had_revote": false
    },
    {
      "tc_number": 6,
      "episode": 5,
      "day": 16,
      "sog_id": 6,
      "tribe": "Nuku",
      "tribe_color": "#105B91",
      "tribe_status": "Swapped_2",
      "eliminated": "Sandra",
      "eliminated_id": "US0112",
      "eliminated_color": "#99ef42",
      "elimination_type": "voted_out",
      "votes": [
        {
          "voter": "Jeff",
          "voter_id": "US0023",
          "voter_color": "#45bd28",
          "target": "Tai",
          "target_id": "US0476",
          "target_color": "#a61cc8",
          "vote_round": 1
        },
        {
          "voter": "Sandra",
          "voter_id": "US0112",
          "voter_color": "#99ef42",
          "target": "Tai",
          "target_id": "US0476",
          "target_color": "#a61cc8",
          "vote_round": 1
        },
        {
          "voter": "Ozzy",
          "voter_id": "US0201",
          "voter_color": "#11d45f",
          "target": "Sandra",
          "target_id": "US0112",
          "target_color": "#99ef42",
          "vote_round": 1
        },
        {
          "voter": "Andrea",
          "voter_id": "US0333",
          "voter_color": "#2863bd",
          "target": "Sandra",
          "target_id": "US0112",
          "target_color": "#99ef42",
          "vote_round": 1
        },
        {
          "voter": "Sarah",
          "voter_id": "US0414",
          "voter_color": "#e54c7a",
          "target": "Sandra",
          "target_id": "US0112",
          "target_color": "#99ef42",
          "vote_round": 1
        },
        {
          "voter": "Tai",
          "voter_id": "US0476",
          "voter_color": "#a61cc8",
          "target": "Sandra",
          "target_id": "US0112",
          "target_color": "#99ef42",
          "vote_round": 1
        },
        {
          "voter": "Zeke",
          "voter_id": "US0490",
          "voter_color": "#1cc8c8",
          "target": "Sandra",
          "target_id": "US0112",
          "target_color": "#99ef42",
          "vote_round": 1
        }
      ],
      "had_revote": false
    },
    {
      "tc_number": 7,
      "episode": 6,
      "day": 18,
      "sog_id": 7,
      "tribe": "Nuku",
      "tribe_color": "#105B91",
      "tribe_status": "Swapped_2",
      "eliminated": "Jeff",
      "eliminated_id": "US0023",
      "eliminated_color": "#45bd28",
      "elimination_type": "voted_out",
      "votes": [
        {
          "voter": "Ozzy",
          "voter_id": "US0201",
          "voter_color": "#11d45f",
          "target": "Jeff",
          "target_id": "US0023",
          "target_color": "#45bd28",
          "vote_round": 1
        },
        {
          "voter": "Andrea",
          "voter_id": "US0333",
          "voter_color": "#2863bd",
          "target": "Jeff",
          "target_id": "US0023",
          "target_color": "#45bd28",
          "vote_round": 1
        },
        {
          "voter": "Sarah",
          "voter_id": "US0414",
          "voter_color": "#e54c7a",
          "target": "Jeff",
          "target_id": "US0023",
          "target_color": "#45bd28",
          "vote_round": 1
        },
        {
          "voter": "Debbie",
          "voter_id": "US0470",
          "voter_color": "#56dbb3",
          "target": "Jeff",
          "target_id": "US0023",
          "target_color": "#45bd28",
          "vote_round": 1
        },
        {
          "voter": "Tai",
          "voter_id": "US0476",
          "voter_color": "#a61cc8",
          "target": "Jeff",
          "target_id": "US0023",
          "target_color": "#45bd28",
          "vote_round": 1
        },
        {
          "voter": "Zeke",
          "voter_id": "US0490",
          "voter_color": "#1cc8c8",
          "target": "Jeff",
          "target_id": "US0023",
          "target_color": "#45bd28",
          "vote_round": 1
        }
      ],
      "had_revote": false
    },
    {
      "tc_number": 8,
      "episode": 7,
      "day": 21,
      "sog_id": 8,
      "tribe": "Maku Maku",
      "tribe_color": "#F4CC3C",
      "tribe_status": "Merged",
      "eliminated": "Hali",
      "eliminated_id": "US0450",
      "eliminated_color": "#4ce55b",
      "elimination_type": "voted_out",
      "votes": [
        {
          "voter": "Cirie",
          "voter_id": "US0179",
          "voter_color": "#3811d4",
          "target": "Michaela",
          "target_id": "US0485",
          "target_color": "#4c5be5",
          "vote_round": 1
        },
        {
          "voter": "Ozzy",
          "voter_id": "US0201",
          "voter_color": "#11d45f",
          "target": "Hali",
          "target_id": "US0450",
          "target_color": "#4ce55b",
          "vote_round": 1
        },
        {
          "voter": "Andrea",
          "voter_id": "US0333",
          "voter_color": "#2863bd",
          "target": "Michaela",
          "target_id": "US0485",
          "target_color": "#4c5be5",
          "vote_round": 1
        },
        {
          "voter": "Troyzan",
          "voter_id": "US0364",
          "voter_color": "#ef42de",
          "target": "Hali",
          "target_id": "US0450",
          "target_color": "#4ce55b",
          "vote_round": 1
        },
        {
          "voter": "Brad",
          "voter_id": "US0401",
          "voter_color": "#bd2881",
          "target": "Hali",
          "target_id": "US0450",
          "target_color": "#4ce55b",
          "vote_round": 1
        },
        {
          "voter": "Sarah",
          "voter_id": "US0414",
          "voter_color": "#e54c7a",
          "target": "Michaela",
          "target_id": "US0485",
          "target_color": "#4c5be5",
          "vote_round": 1
        },
        {
          "voter": "Hali",
          "voter_id": "US0450",
          "voter_color": "#4ce55b",
          "target": "Zeke",
          "target_id": "US0490",
          "target_color": "#1cc8c8",
          "vote_round": 1
        },
        {
          "voter": "Sierra",
          "voter_id": "US0456",
          "voter_color": "#42bbef",
          "target": "Hali",
          "target_id": "US0450",
          "target_color": "#4ce55b",
          "vote_round": 1
        },
        {
          "voter": "Debbie",
          "voter_id": "US0470",
          "voter_color": "#56dbb3",
          "target": "Hali",
          "target_id": "US0450",
          "target_color": "#4ce55b",
          "vote_round": 1
        },
        {
          "voter": "Tai",
          "voter_id": "US0476",
          "voter_color": "#a61cc8",
          "target": "Hali",
          "target_id": "US0450",
          "target_color": "#4ce55b",
          "vote_round": 1
        },
        {
          "voter": "Aubry",
          "voter_id": "US0477",
          "voter_color": "#9856db",
          "target": "Hali",
          "target_id": "US0450",
          "target_color": "#4ce55b",
          "vote_round": 1
        },
        {
          "voter": "Michaela",
          "voter_id": "US0485",
          "voter_color": "#4c5be5",
          "target": "Zeke",
          "target_id": "US0490",
          "target_color": "#1cc8c8",
          "vote_round": 1
        },
        {
          "voter": "Zeke",
          "voter_id": "US0490",
          "voter_color": "#1cc8c8",
          "target": "Michaela",
          "target_id": "US0485",
          "target_color": "#4c5be5",
          "vote_round": 1
        }
      ],
      "had_revote": false
    },
    {
      "tc_number": 9,
      "episode": 7,
      "day": 24,
      "sog_id": 9,
      "tribe": "Maku Maku",
      "tribe_color": "#F4CC3C",
      "tribe_status": "Merged",
      "eliminated": "Ozzy",
      "eliminated_id": "US0201",
      "eliminated_color": "#11d45f",
      "elimination_type": "voted_out",
      "votes": [
        {
          "voter": "Cirie",
          "voter_id": "US0179",
          "voter_color": "#3811d4",
          "target": "Sierra",
          "target_id": "US0456",
          "target_color": "#42bbef",
          "vote_round": 1
        },
        {
          "voter": "Ozzy",
          "voter_id": "US0201",
          "voter_color": "#11d45f",
          "target": "Zeke",
          "target_id": "US0490",
          "target_color": "#1cc8c8",
          "vote_round": 1
        },
        {
          "voter": "Andrea",
          "voter_id": "US0333",
          "voter_color": "#2863bd",
          "target": "Zeke",
          "target_id": "US0490",
          "target_color": "#1cc8c8",
          "vote_round": 1
        },
        {
          "voter": "Troyzan",
          "voter_id": "US0364",
          "voter_color": "#ef42de",
          "target": "Ozzy",
          "target_id": "US0201",
          "target_color": "#11d45f",
          "vote_round": 1
        },
        {
          "voter": "Brad",
          "voter_id": "US0401",
          "voter_color": "#bd2881",
          "target": "Ozzy",
          "target_id": "US0201",
          "target_color": "#11d45f",
          "vote_round": 1
        },
        {
          "voter": "Sarah",
          "voter_id": "US0414",
          "voter_color": "#e54c7a",
          "target": "Ozzy",
          "target_id": "US0201",
          "target_color": "#11d45f",
          "vote_round": 1
        },
        {
          "voter": "Sierra",
          "voter_id": "US0456",
          "voter_color": "#42bbef",
          "target": "Ozzy",
          "target_id": "US0201",
          "target_color": "#11d45f",
          "vote_round": 1
        },
        {
          "voter": "Debbie",
          "voter_id": "US0470",
          "voter_color": "#56dbb3",
          "target": "Ozzy",
          "target_id": "US0201",
          "target_color": "#11d45f",
          "vote_round": 1
        },
        {
          "voter": "Tai",
          "voter_id": "US0476",
          "voter_color": "#a61cc8",
          "target": "Ozzy",
          "target_id": "US0201",
          "target_color": "#11d45f",
          "vote_round": 1
        },
        {
          "voter": "Aubry",
          "voter_id": "US0477",
          "voter_color": "#9856db",
          "target": "Zeke",
          "target_id": "US0490",
          "target_color": "#1cc8c8",
          "vote_round": 1
        },
        {
          "voter": "Michaela",
          "voter_id": "US0485",
          "voter_color": "#4c5be5",
          "target": "Zeke",
          "target_id": "US0490",
          "target_color": "#1cc8c8",
          "vote_round": 1
        },
        {
          "voter": "Zeke",
          "voter_id": "US0490",
          "voter_color": "#1cc8c8",
          "target": "Aubry",
          "target_id": "US0477",
          "target_color": "#9856db",
          "vote_round": 1
        }
      ],
      "had_revote": false
    },
    {
      "tc_number": 10,
      "episode": 8,
      "day": 26,
      "sog_id": 10,
      "tribe": "Maku Maku",
      "tribe_color": "#F4CC3C",
      "tribe_status": "Merged",
      "eliminated": "Debbie",
      "eliminated_id": "US0470",
      "eliminated_color": "#56dbb3",
      "elimination_type": "voted_out",
      "votes": [
        {
          "voter": "Cirie",
          "voter_id": "US0179",
          "voter_color": "#3811d4",
          "target": "Debbie",
          "target_id": "US0470",
          "target_color": "#56dbb3",
          "vote_round": 1
        },
        {
          "voter": "Andrea",
          "voter_id": "US0333",
          "voter_color": "#2863bd",
          "target": "Debbie",
          "target_id": "US0470",
          "target_color": "#56dbb3",
          "vote_round": 1
        },
        {
          "voter": "Troyzan",
          "voter_id": "US0364",
          "voter_color": "#ef42de",
          "target": "Andrea",
          "target_id": "US0333",
          "target_color": "#2863bd",
          "vote_round": 1
        },
        {
          "voter": "Brad",
          "voter_id": "US0401",
          "voter_color": "#bd2881",
          "target": "Andrea",
          "target_id": "US0333",
          "target_color": "#2863bd",
          "vote_round": 1
        },
        {
          "voter": "Sarah",
          "voter_id": "US0414",
          "voter_color": "#e54c7a",
          "target": "Debbie",
          "target_id": "US0470",
          "target_color": "#56dbb3",
          "vote_round": 1
        },
        {
          "voter": "Sierra",
          "voter_id": "US0456",
          "voter_color": "#42bbef",
          "target": "Andrea",
          "target_id": "US0333",
          "target_color": "#2863bd",
          "vote_round": 1
        },
        {
          "voter": "Debbie",
          "voter_id": "US0470",
          "voter_color": "#56dbb3",
          "target": "Andrea",
          "target_id": "US0333",
          "target_color": "#2863bd",
          "vote_round": 1
        },
        {
          "voter": "Tai",
          "voter_id": "US0476",
          "voter_color": "#a61cc8",
          "target": "Andrea",
          "target_id": "US0333",
          "target_color": "#2863bd",
          "vote_round": 1
        },
        {
          "voter": "Aubry",
          "voter_id": "US0477",
          "voter_color": "#9856db",
          "target": "Debbie",
          "target_id": "US0470",
          "target_color": "#56dbb3",
          "vote_round": 1
        },
        {
          "voter": "Michaela",
          "voter_id": "US0485",
          "voter_color": "#4c5be5",
          "target": "Debbie",
          "target_id": "US0470",
          "target_color": "#56dbb3",
          "vote_round": 1
        },
        {
          "voter": "Zeke",
          "voter_id": "US0490",
          "voter_color": "#1cc8c8",
          "target": "Debbie",
          "target_id": "US0470",
          "target_color": "#56dbb3",
          "vote_round": 1
        }
      ],
      "had_revote": false
    },
    {
      "tc_number": 11,
      "episode": 9,
      "day": 29,
      "sog_id": 11,
      "tribe": "Maku Maku",
      "tribe_color": "#F4CC3C",
      "tribe_status": "Merged",
      "eliminated": "Zeke",
      "eliminated_id": "US0490",
      "eliminated_color": "#1cc8c8",
      "elimination_type": "voted_out",
      "votes": [
        {
          "voter": "Cirie",
          "voter_id": "US0179",
          "voter_color": "#3811d4",
          "target": "Zeke",
          "target_id": "US0490",
          "target_color": "#1cc8c8",
          "vote_round": 1
        },
        {
          "voter": "Andrea",
          "voter_id": "US0333",
          "voter_color": "#2863bd",
          "target": "Zeke",
          "target_id": "US0490",
          "target_color": "#1cc8c8",
          "vote_round": 1
        },
        {
          "voter": "Troyzan",
          "voter_id": "US0364",
          "voter_color": "#ef42de",
          "target": "Tai",
          "target_id": "US0476",
          "target_color": "#a61cc8",
          "vote_round": 1
        },
        {
          "voter": "Brad",
          "voter_id": "US0401",
          "voter_color": "#bd2881",
          "target": "Tai",
          "target_id": "US0476",
          "target_color": "#a61cc8",
          "vote_round": 1
        },
        {
          "voter": "Sarah",
          "voter_id": "US0414",
          "voter_color": "#e54c7a",
          "target": "Zeke",
          "target_id": "US0490",
          "target_color": "#1cc8c8",
          "vote_round": 1
        },
        {
          "voter": "Sierra",
          "voter_id": "US0456",
          "voter_color": "#42bbef",
          "target": "Tai",
          "target_id": "US0476",
          "target_color": "#a61cc8",
          "vote_round": 1
        },
        {
          "voter": "Tai",
          "voter_id": "US0476",
          "voter_color": "#a61cc8",
          "target": "Sierra",
          "target_id": "US0456",
          "target_color": "#42bbef",
          "vote_round": 1
        },
        {
          "voter": "Aubry",
          "voter_id": "US0477",
          "voter_color": "#9856db",
          "target": "Zeke",
          "target_id": "US0490",
          "target_color": "#1cc8c8",
          "vote_round": 1
        },
        {
          "voter": "Michaela",
          "voter_id": "US0485",
          "voter_color": "#4c5be5",
          "target": "Zeke",
          "target_id": "US0490",
          "target_color": "#1cc8c8",
          "vote_round": 1
        },
        {
          "voter": "Zeke",
          "voter_id": "US0490",
          "voter_color": "#1cc8c8",
          "target": "Sierra",
          "target_id": "US0456",
          "target_color": "#42bbef",
          "vote_round": 1
        }
      ],
      "had_revote": false
    },
    {
      "tc_number": 12,
      "episode": 10,
      "day": 32,
      "sog_id": 12,
      "tribe": "Maku Maku",
      "tribe_color": "#F4CC3C",
      "tribe_status": "Merged",
      "eliminated": "Sierra",
      "eliminated_id": "US0456",
      "eliminated_color": "#42bbef",
      "elimination_type": "voted_out",
      "votes": [
        {
          "voter": "Cirie",
          "voter_id": "US0179",
          "voter_color": "#3811d4",
          "target": "Sierra",
          "target_id": "US0456",
          "target_color": "#42bbef",
          "vote_round": 1
        },
        {
          "voter": "Andrea",
          "voter_id": "US0333",
          "voter_color": "#2863bd",
          "target": "Sierra",
          "target_id": "US0456",
          "target_color": "#42bbef",
          "vote_round": 1
        },
        {
          "voter": "Troyzan",
          "voter_id": "US0364",
          "voter_color": "#ef42de",
          "target": "Andrea",
          "target_id": "US0333",
          "target_color": "#2863bd",
          "vote_round": 1
        },
        {
          "voter": "Brad",
          "voter_id": "US0401",
          "voter_color": "#bd2881",
          "target": "Andrea",
          "target_id": "US0333",
          "target_color": "#2863bd",
          "vote_round": 1
        },
        {
          "voter": "Sarah",
          "voter_id": "US0414",
          "voter_color": "#e54c7a",
          "target": "Sierra",
          "target_id": "US0456",
          "target_color": "#42bbef",
          "vote_round": 1
        },
        {
          "voter": "Sierra",
          "voter_id": "US0456",
          "voter_color": "#42bbef",
          "target": "Andrea",
          "target_id": "US0333",
          "target_color": "#2863bd",
          "vote_round": 1
        },
        {
          "voter": "Tai",
          "voter_id": "US0476",
          "voter_color": "#a61cc8",
          "target": "Sierra",
          "target_id": "US0456",
          "target_color": "#42bbef",
          "vote_round": 1
        },
        {
          "voter": "Aubry",
          "voter_id": "US0477",
          "voter_color": "#9856db",
          "target": "Sierra",
          "target_id": "US0456",
          "target_color": "#42bbef",
          "vote_round": 1
        },
        {
          "voter": "Michaela",
          "voter_id": "US0485",
          "voter_color": "#4c5be5",
          "target": "Sierra",
          "target_id": "US0456",
          "target_color": "#42bbef",
          "vote_round": 1
        }
      ],
      "had_revote": false
    },
    {
      "tc_number": 13,
      "episode": 11,
      "day": 33,
      "sog_id": 13,
      "tribe": "Maku Maku",
      "tribe_color": "#F4CC3C",
      "tribe_status": "Merged",
      "eliminated": "Andrea",
      "eliminated_id": "US0333",
      "eliminated_color": "#2863bd",
      "elimination_type": "voted_out",
      "votes": [
        {
          "voter": "Cirie",
          "voter_id": "US0179",
          "voter_color": "#3811d4",
          "target": "Andrea",
          "target_id": "US0333",
          "target_color": "#2863bd",
          "vote_round": 1
        },
        {
          "voter": "Andrea",
          "voter_id": "US0333",
          "voter_color": "#2863bd",
          "target": "Brad",
          "target_id": "US0401",
          "target_color": "#bd2881",
          "vote_round": 1
        },
        {
          "voter": "Troyzan",
          "voter_id": "US0364",
          "voter_color": "#ef42de",
          "target": "Andrea",
          "target_id": "US0333",
          "target_color": "#2863bd",
          "vote_round": 1
        },
        {
          "voter": "Brad",
          "voter_id": "US0401",
          "voter_color": "#bd2881",
          "target": "Andrea",
          "target_id": "US0333",
          "target_color": "#2863bd",
          "vote_round": 1
        },
        {
          "voter": "Sarah",
          "voter_id": "US0414",
          "voter_color": "#e54c7a",
          "target": "Andrea",
          "target_id": "US0333",
          "target_color": "#2863bd",
          "vote_round": 1
        },
        {
          "voter": "Tai",
          "voter_id": "US0476",
          "voter_color": "#a61cc8",
          "target": "Andrea",
          "target_id": "US0333",
          "target_color": "#2863bd",
          "vote_round": 1
        },
        {
          "voter": "Aubry",
          "voter_id": "US0477",
          "voter_color": "#9856db",
          "target": "Brad",
          "target_id": "US0401",
          "target_color": "#bd2881",
          "vote_round": 1
        },
        {
          "voter": "Michaela",
          "voter_id": "US0485",
          "voter_color": "#4c5be5",
          "target": "Andrea",
          "target_id": "US0333",
          "target_color": "#2863bd",
          "vote_round": 1
        }
      ],
      "had_revote": false
    },
    {
      "tc_number": 14,
      "episode": 11,
      "day": 35,
      "sog_id": 14,
      "tribe": "Maku Maku",
      "tribe_color": "#F4CC3C",
      "tribe_status": "Merged",
      "eliminated": "Michaela",
      "eliminated_id": "US0485",
      "eliminated_color": "#4c5be5",
      "elimination_type": "voted_out",
      "votes": [
        {
          "voter": "Cirie",
          "voter_id": "US0179",
          "voter_color": "#3811d4",
          "target": "Aubry",
          "target_id": "US0477",
          "target_color": "#9856db",
          "vote_round": 1
        },
        {
          "voter": "Troyzan",
          "voter_id": "US0364",
          "voter_color": "#ef42de",
          "target": "Michaela",
          "target_id": "US0485",
          "target_color": "#4c5be5",
          "vote_round": 1
        },
        {
          "voter": "Brad",
          "voter_id": "US0401",
          "voter_color": "#bd2881",
          "target": "Michaela",
          "target_id": "US0485",
          "target_color": "#4c5be5",
          "vote_round": 1
        },
        {
          "voter": "Sarah",
          "voter_id": "US0414",
          "voter_color": "#e54c7a",
          "target": "Michaela",
          "target_id": "US0485",
          "target_color": "#4c5be5",
          "vote_round": 1
        },
        {
          "voter": "Aubry",
          "voter_id": "US0477",
          "voter_color": "#9856db",
          "target": "Tai",
          "target_id": "US0476",
          "target_color": "#a61cc8",
          "vote_round": 1
        },
        {
          "voter": "Michaela",
          "voter_id": "US0485",
          "voter_color": "#4c5be5",
          "target": "Tai",
          "target_id": "US0476",
          "target_color": "#a61cc8",
          "vote_round": 1
        }
      ],
      "had_revote": false
    },
    {
      "tc_number": 15,
      "episode": 12,
      "day": 36,
      "sog_id": 15,
      "tribe": "Maku Maku",
      "tribe_color": "#F4CC3C",
      "tribe_status": "Merged",
      "eliminated": "Cirie",
      "eliminated_id": "US0179",
      "eliminated_color": "#3811d4",
      "elimination_type": "voted_out",
      "votes": [
        {
          "voter": "Cirie",
          "voter_id": "US0179",
          "voter_color": "#3811d4",
          "target": "Sarah",
          "target_id": "US0414",
          "target_color": "#e54c7a",
          "vote_round": 1
        },
        {
          "voter": "Troyzan",
          "voter_id": "US0364",
          "voter_color": "#ef42de",
          "target": "Tai",
          "target_id": "US0476",
          "target_color": "#a61cc8",
          "vote_round": 1
        },
        {
          "voter": "Brad",
          "voter_id": "US0401",
          "voter_color": "#bd2881",
          "target": "Aubry",
          "target_id": "US0477",
          "target_color": "#9856db",
          "vote_round": 1
        },
        {
          "voter": "Sarah",
          "voter_id": "US0414",
          "voter_color": "#e54c7a",
          "target": "Tai",
          "target_id": "US0476",
          "target_color": "#a61cc8",
          "vote_round": 1
        },
        {
          "voter": "Tai",
          "voter_id": "US0476",
          "voter_color": "#a61cc8",
          "target": "Sarah",
          "target_id": "US0414",
          "target_color": "#e54c7a",
          "vote_round": 1
        },
        {
          "voter": "Aubry",
          "voter_id": "US0477",
          "voter_color": "#9856db",
          "target": "Sarah",
          "target_id": "US0414",
          "target_color": "#e54c7a",
          "vote_round": 1
        }
      ],
      "had_revote": false
    },
    {
      "tc_number": 16,
      "episode": 12,
      "day": 37,
      "sog_id": 16,
      "tribe": "Maku Maku",
      "tribe_color": "#F4CC3C",
      "tribe_status": "Merged",
      "eliminated": "Aubry",
      "eliminated_id": "US0477",
      "eliminated_color": "#9856db",
      "elimination_type": "voted_out",
      "votes": [
        {
          "voter": "Troyzan",
          "voter_id": "US0364",
          "voter_color": "#ef42de",
          "target": "Aubry",
          "target_id": "US0477",
          "target_color": "#9856db",
          "vote_round": 1
        },
        {
          "voter": "Brad",
          "voter_id": "US0401",
          "voter_color": "#bd2881",
          "target": "Aubry",
          "target_id": "US0477",
          "target_color": "#9856db",
          "vote_round": 1
        },
        {
          "voter": "Sarah",
          "voter_id": "US0414",
          "voter_color": "#e54c7a",
          "target": "Aubry",
          "target_id": "US0477",
          "target_color": "#9856db",
          "vote_round": 1
        },
        {
          "voter": "Tai",
          "voter_id": "US0476",
          "voter_color": "#a61cc8",
          "target": "Aubry",
          "target_id": "US0477",
          "target_color": "#9856db",
          "vote_round": 1
        },
        {
          "voter": "Aubry",
          "voter_id": "US0477",
          "voter_color": "#9856db",
          "target": "Troyzan",
          "target_id": "US0364",
          "target_color": "#ef42de",
          "vote_round": 1
        }
      ],
      "had_revote": false
    },
    {
      "tc_number": 17,
      "episode": 12,
      "day": 38,
      "sog_id": 17,
      "tribe": "Maku Maku",
      "tribe_color": "#F4CC3C",
      "tribe_status": "Merged",
      "eliminated": "Tai",
      "eliminated_id": "US0476",
      "eliminated_color": "#a61cc8",
      "elimination_type": "voted_out",
      "votes": [
        {
          "voter": "Troyzan",
          "voter_id": "US0364",
          "voter_color": "#ef42de",
          "target": "Tai",
          "target_id": "US0476",
          "target_color": "#a61cc8",
          "vote_round": 1
        },
        {
          "voter": "Brad",
          "voter_id": "US0401",
          "voter_color": "#bd2881",
          "target": "Tai",
          "target_id": "US0476",
          "target_color": "#a61cc8",
          "vote_round": 1
        },
        {
          "voter": "Sarah",
          "voter_id": "US0414",
          "voter_color": "#e54c7a",
          "target": "Tai",
          "target_id": "US0476",
          "target_color": "#a61cc8",
          "vote_round": 1
        },
        {
          "voter": "Tai",
          "voter_id": "US0476",
          "voter_color": "#a61cc8",
          "target": "Troyzan",
          "target_id": "US0364",
          "target_color": "#ef42de",
          "vote_round": 1
        }
      ],
      "had_revote": false
    }
  ],
  "boot_order": [
    {
      "name": "Ciera",
      "id": "US0406",
      "color": "#bd2828",
      "tc_number": 1,
      "placement": 1,
      "elimination_type": "voted_out"
    },
    {
      "name": "Tony",
      "id": "US0424",
      "color": "#e57a4c",
      "tc_number": 2,
      "placement": 2,
      "elimination_type": "voted_out"
    },
    {
      "name": "Caleb",
      "id": "US0464",
      "color": "#d48611",
      "tc_number": 3,
      "placement": 3,
      "elimination_type": "voted_out"
    },
    {
      "name": "Malcolm",
      "id": "US0384",
      "color": "#dbce56",
      "tc_number": 4,
      "placement": 4,
      "elimination_type": "voted_out"
    },
    {
      "name": "J.T.",
      "id": "US0281",
      "color": "#a6c81c",
      "tc_number": 5,
      "placement": 5,
      "elimination_type": "voted_out"
    },
    {
      "name": "Sandra",
      "id": "US0112",
      "color": "#99ef42",
      "tc_number": 6,
      "placement": 6,
      "elimination_type": "voted_out"
    },
    {
      "name": "Jeff",
      "id": "US0023",
      "color": "#45bd28",
      "tc_number": 7,
      "placement": 7,
      "elimination_type": "voted_out"
    },
    {
      "name": "Hali",
      "id": "US0450",
      "color": "#4ce55b",
      "tc_number": 8,
      "placement": 8,
      "elimination_type": "voted_out"
    },
    {
      "name": "Ozzy",
      "id": "US0201",
      "color": "#11d45f",
      "tc_number": 9,
      "placement": 9,
      "elimination_type": "voted_out"
    },
    {
      "name": "Debbie",
      "id": "US0470",
      "color": "#56dbb3",
      "tc_number": 10,
      "placement": 10,
      "elimination_type": "voted_out"
    },
    {
      "name": "Zeke",
      "id": "US0490",
      "color": "#1cc8c8",
      "tc_number": 11,
      "placement": 11,
      "elimination_type": "voted_out"
    },
    {
      "name": "Sierra",
      "id": "US0456",
      "color": "#42bbef",
      "tc_number": 12,
      "placement": 12,
      "elimination_type": "voted_out"
    },
    {
      "name": "Andrea",
      "id": "US0333",
      "color": "#2863bd",
      "tc_number": 13,
      "placement": 13,
      "elimination_type": "voted_out"
    },
    {
      "name": "Michaela",
      "id": "US0485",
      "color": "#4c5be5",
      "tc_number": 14,
      "placement": 14,
      "elimination_type": "voted_out"
    },
    {
      "name": "Cirie",
      "id": "US0179",
      "color": "#3811d4",
      "tc_number": 15,
      "placement": 15,
      "elimination_type": "voted_out"
    },
    {
      "name": "Aubry",
      "id": "US0477",
      "color": "#9856db",
      "tc_number": 16,
      "placement": 16,
      "elimination_type": "voted_out"
    },
    {
      "name": "Tai",
      "id": "US0476",
      "color": "#a61cc8",
      "tc_number": 17,
      "placement": 17,
      "elimination_type": "voted_out"
    },
    {
      "name": "Troyzan",
      "id": "US0364",
      "color": "#ef42de",
      "tc_number": 18,
      "placement": 18,
      "elimination_type": "FTC",
      "ftc_votes": 0
    },
    {
      "name": "Brad",
      "id": "US0401",
      "color": "#bd2881",
      "tc_number": 18,
      "placement": 19,
      "elimination_type": "FTC",
      "ftc_votes": 3
    },
    {
      "name": "Sarah",
      "id": "US0414",
      "color": "#e54c7a",
      "tc_number": 18,
      "placement": 20,
      "elimination_type": "FTC",
      "ftc_votes": 7
    }
  ],
  "ftc": {
    "finalists": [
      {
        "id": "US0401",
        "name": "Brad",
        "color": "#bd2881",
        "votes_received": 3
      },
      {
        "id": "US0414",
        "name": "Sarah",
        "color": "#e54c7a",
        "votes_received": 7
      },
      {
        "id": "US0364",
        "name": "Troyzan",
        "color": "#ef42de",
        "votes_received": 0
      }
    ],
    "jury_votes": [
      {
        "juror_id": "US0470",
        "juror_name": "Debbie",
        "juror_color": "#56dbb3",
        "voted_for_id": "US0401",
        "voted_for_name": "Brad",
        "voted_for_color": "#bd2881",
        "alignment_pct": 100.0,
        "eligible_votes": 5,
        "aligned_votes": 5,
        "finalist_helped_eliminate": false
      },
      {
        "juror_id": "US0201",
        "juror_name": "Ozzy",
        "juror_color": "#11d45f",
        "voted_for_id": "US0401",
        "voted_for_name": "Brad",
        "voted_for_color": "#bd2881",
        "alignment_pct": 50.0,
        "eligible_votes": 2,
        "aligned_votes": 1,
        "finalist_helped_eliminate": true
      },
      {
        "juror_id": "US0456",
        "juror_name": "Sierra",
        "juror_color": "#42bbef",
        "voted_for_id": "US0401",
        "voted_for_name": "Brad",
        "voted_for_color": "#bd2881",
        "alignment_pct": 100.0,
        "eligible_votes": 7,
        "aligned_votes": 7,
        "finalist_helped_eliminate": false
      },
      {
        "juror_id": "US0333",
        "juror_name": "Andrea",
        "juror_color": "#2863bd",
        "voted_for_id": "US0414",
        "voted_for_name": "Sarah",
        "voted_for_color": "#e54c7a",
        "alignment_pct": 75.0,
        "eligible_votes": 8,
        "aligned_votes": 6,
        "finalist_helped_eliminate": true
      },
      {
        "juror_id": "US0477",
        "juror_name": "Aubry",
        "juror_color": "#9856db",
        "voted_for_id": "US0414",
        "voted_for_name": "Sarah",
        "voted_for_color": "#e54c7a",
        "alignment_pct": 33.3,
        "eligible_votes": 9,
        "aligned_votes": 3,
        "finalist_helped_eliminate": true
      },
      {
        "juror_id": "US0179",
        "juror_name": "Cirie",
        "juror_color": "#3811d4",
        "voted_for_id": "US0414",
        "voted_for_name": "Sarah",
        "voted_for_color": "#e54c7a",
        "alignment_pct": 62.5,
        "eligible_votes": 8,
        "aligned_votes": 5,
        "finalist_helped_eliminate": false
      },
      {
        "juror_id": "US0450",
        "juror_name": "Hali",
        "juror_color": "#4ce55b",
        "voted_for_id": "US0414",
        "voted_for_name": "Sarah",
        "voted_for_color": "#e54c7a",
        "alignment_pct": 0.0,
        "eligible_votes": 1,
        "aligned_votes": 0,
        "finalist_helped_eliminate": false
      },
      {
        "juror_id": "US0485",
        "juror_name": "Michaela",
        "juror_color": "#4c5be5",
        "voted_for_id": "US0414",
        "voted_for_name": "Sarah",
        "voted_for_color": "#e54c7a",
        "alignment_pct": 57.1,
        "eligible_votes": 7,
        "aligned_votes": 4,
        "finalist_helped_eliminate": true
      },
      {
        "juror_id": "US0476",
        "juror_name": "Tai",
        "juror_color": "#a61cc8",
        "voted_for_id": "US0414",
        "voted_for_name": "Sarah",
        "voted_for_color": "#e54c7a",
        "alignment_pct": 54.5,
        "eligible_votes": 11,
        "aligned_votes": 6,
        "finalist_helped_eliminate": true
      },
      {
        "juror_id": "US0490",
        "juror_name": "Zeke",
        "juror_color": "#1cc8c8",
        "voted_for_id": "US0414",
        "voted_for_name": "Sarah",
        "voted_for_color": "#e54c7a",
        "alignment_pct": 66.7,
        "eligible_votes": 6,
        "aligned_votes": 4,
        "finalist_helped_eliminate": true
      }
    ]
  }
}