{
  "season": 35,
  "version_season": "US35",
  "version": "US",
  "total_castaways": 18,
  "total_tribal_councils": 15,
  "castaways": [
    {
      "id": "US0499",
      "name": "Katrina",
      "full_name": "Katrina Radke",
      "tribe": "Levu",
      "tribe_color": "#0C5DDC",
      "color": "#bd2828",
      "placement": 1,
      "result": "1st voted out"
    },
    {
      "id": "US0500",
      "name": "Simone",
      "full_name": "Simone Nguyen",
      "tribe": "Yawa",
      "tribe_color": "#E0192C",
      "color": "#e57f4c",
      "placement": 2,
      "result": "2nd voted out"
    },
    {
      "id": "US0501",
      "name": "Patrick",
      "full_name": "Patrick Bolton",
      "tribe": "Yawa",
      "tribe_color": "#E0192C",
      "color": "#d49311",
      "placement": 3,
      "result": "3rd voted out"
    },
    {
      "id": "US0502",
      "name": "Alan",
      "full_name": "Alan Ball",
      "tribe": "Levu",
      "tribe_color": "#0C5DDC",
      "color": "#dbdb56",
      "placement": 4,
      "result": "4th voted out"
    },
    {
      "id": "US0503",
      "name": "Roark",
      "full_name": "Roark Luskin",
      "tribe": "Soko",
      "tribe_color": "#F1CD1F",
      "color": "#8fc81c",
      "placement": 5,
      "result": "5th voted out"
    },
    {
      "id": "US0504",
      "name": "Ali",
      "full_name": "Alexandrea Elliott",
      "tribe": "Yawa",
      "tribe_color": "#E0192C",
      "color": "#7cef42",
      "placement": 6,
      "result": "6th voted out"
    },
    {
      "id": "US0505",
      "name": "Jessica",
      "full_name": "Jessica Johnston",
      "tribe": "Soko",
      "tribe_color": "#F1CD1F",
      "color": "#28bd28",
      "placement": 7,
      "result": "7th voted out"
    },
    {
      "id": "US0506",
      "name": "Desi",
      "full_name": "Desiree Williams",
      "tribe": "Soko",
      "tribe_color": "#F1CD1F",
      "color": "#4ce57f",
      "placement": 8,
      "result": "8th voted out"
    },
    {
      "id": "US0507",
      "name": "Cole",
      "full_name": "Cole Medders",
      "tribe": "Soko",
      "tribe_color": "#F1CD1F",
      "color": "#11d493",
      "placement": 9,
      "result": "9th voted out"
    },
    {
      "id": "US0508",
      "name": "JP",
      "full_name": "John Hilsabeck",
      "tribe": "Levu",
      "tribe_color": "#0C5DDC",
      "color": "#56dbdb",
      "placement": 10,
      "result": "10th voted out"
    },
    {
      "id": "US0509",
      "name": "Joe",
      "full_name": "Joe Mena",
      "tribe": "Soko",
      "tribe_color": "#F1CD1F",
      "color": "#1c8fc8",
      "placement": 11,
      "result": "11th voted out"
    },
    {
      "id": "US0510",
      "name": "Lauren",
      "full_name": "Lauren Rimmer",
      "tribe": "Yawa",
      "tribe_color": "#E0192C",
      "color": "#427cef",
      "placement": 12,
      "result": "12th voted out"
    },
    {
      "id": "US0511",
      "name": "Ashley",
      "full_name": "Ashley Nolan",
      "tribe": "Levu",
      "tribe_color": "#0C5DDC",
      "color": "#2828bd",
      "placement": 13,
      "result": "13th voted out"
    },
    {
      "id": "US0512",
      "name": "Mike",
      "full_name": "Mike Zahalsky",
      "tribe": "Soko",
      "tribe_color": "#F1CD1F",
      "color": "#7f4ce5",
      "placement": 14,
      "result": "14th voted out"
    },
    {
      "id": "US0513",
      "name": "Devon",
      "full_name": "Devon Pinto",
      "tribe": "Yawa",
      "tribe_color": "#E0192C",
      "color": "#9311d4",
      "placement": 15,
      "result": "Lost final 4 fire challenge"
    },
    {
      "id": "US0514",
      "name": "Ryan",
      "full_name": "Ryan Ulrich",
      "tribe": "Yawa",
      "tribe_color": "#E0192C",
      "color": "#db56db",
      "placement": 16,
      "result": "2nd runner-up"
    },
    {
      "id": "US0515",
      "name": "Chrissy",
      "full_name": "Chrissy Hofbeck",
      "tribe": "Levu",
      "tribe_color": "#0C5DDC",
      "color": "#c81c8f",
      "placement": 17,
      "result": "Runner-up"
    },
    {
      "id": "US0516",
      "name": "Ben",
      "full_name": "Ben Driebergen",
      "tribe": "Levu",
      "tribe_color": "#0C5DDC",
      "color": "#ef427c",
      "placement": 18,
      "result": "Sole Survivor"
    }
  ],
  "tribes": {
    "Levu": "#0C5DDC",
    "Soko": "#F1CD1F",
    "Solewa": "#912E8D",
    "Yawa": "#E0192C"
  },
  "tribal_councils": [
    {
      "tc_number": 1,
      "episode": 1,
      "day": 3,
      "sog_id": 1,
      "tribe": "Levu",
      "tribe_color": "#0C5DDC",
      "tribe_status": "Original",
      "eliminated": "Katrina",
      "eliminated_id": "US0499",
      "eliminated_color": "#bd2828",
      "elimination_type": "voted_out",
      "votes": [
        {
          "voter": "Katrina",
          "voter_id": "US0499",
          "voter_color": "#bd2828",
          "target": "Ashley",
          "target_id": "US0511",
          "target_color": "#2828bd",
          "vote_round": 1
        },
        {
          "voter": "Alan",
          "voter_id": "US0502",
          "voter_color": "#dbdb56",
          "target": "Katrina",
          "target_id": "US0499",
          "target_color": "#bd2828",
          "vote_round": 1
        },
        {
          "voter": "JP",
          "voter_id": "US0508",
          "voter_color": "#56dbdb",
          "target": "Katrina",
          "target_id": "US0499",
          "target_color": "#bd2828",
          "vote_round": 1
        },
        {
          "voter": "Ashley",
          "voter_id": "US0511",
          "voter_color": "#2828bd",
          "target": "Katrina",
          "target_id": "US0499",
          "target_color": "#bd2828",
          "vote_round": 1
        },
        {
          "voter": "Chrissy",
          "voter_id": "US0515",
          "voter_color": "#c81c8f",
          "target": "Katrina",
          "target_id": "US0499",
          "target_color": "#bd2828",
          "vote_round": 1
        },
        {
          "voter": "Ben",
          "voter_id": "US0516",
          "voter_color": "#ef427c",
          "target": "Katrina",
          "target_id": "US0499",
          "target_color": "#bd2828",
          "vote_round": 1
        }
      ],
      "had_revote": false
    },
    {
      "tc_number": 2,
      "episode": 2,
      "day": 6,
      "sog_id": 2,
      "tribe": "Yawa",
      "tribe_color": "#E0192C",
      "tribe_status": "Original",
      "eliminated": "Simone",
      "eliminated_id": "US0500",
      "eliminated_color": "#e57f4c",
      "elimination_type": "voted_out",
      "votes": [
        {
          "voter": "Simone",
          "voter_id": "US0500",
          "voter_color": "#e57f4c",
          "target": "Patrick",
          "target_id": "US0501",
          "target_color": "#d49311",
          "vote_round": 1
        },
        {
          "voter": "Patrick",
          "voter_id": "US0501",
          "voter_color": "#d49311",
          "target": "Simone",
          "target_id": "US0500",
          "target_color": "#e57f4c",
          "vote_round": 1
        },
        {
          "voter": "Ali",
          "voter_id": "US0504",
          "voter_color": "#7cef42",
          "target": "Simone",
          "target_id": "US0500",
          "target_color": "#e57f4c",
          "vote_round": 1
        },
        {
          "voter": "Lauren",
          "voter_id": "US0510",
          "voter_color": "#427cef",
          "target": "Simone",
          "target_id": "US0500",
          "target_color": "#e57f4c",
          "vote_round": 1
        },
        {
          "voter": "Devon",
          "voter_id": "US0513",
          "voter_color": "#9311d4",
          "target": "Simone",
          "target_id": "US0500",
          "target_color": "#e57f4c",
          "vote_round": 1
        },
        {
          "voter": "Ryan",
          "voter_id": "US0514",
          "voter_color": "#db56db",
          "target": "Simone",
          "target_id": "US0500",
          "target_color": "#e57f4c",
          "vote_round": 1
        }
      ],
      "had_revote": false
    },
    {
      "tc_number": 3,
      "episode": 3,
      "day": 8,
      "sog_id": 3,
      "tribe": "Yawa",
      "tribe_color": "#E0192C",
      "tribe_status": "Original",
      "eliminated": "Patrick",
      "eliminated_id": "US0501",
      "eliminated_color": "#d49311",
      "elimination_type": "voted_out",
      "votes": [
        {
          "voter": "Patrick",
          "voter_id": "US0501",
          "voter_color": "#d49311",
          "target": "Lauren",
          "target_id": "US0510",
          "target_color": "#427cef",
          "vote_round": 1
        },
        {
          "voter": "Ali",
          "voter_id": "US0504",
          "voter_color": "#7cef42",
          "target": "Patrick",
          "target_id": "US0501",
          "target_color": "#d49311",
          "vote_round": 1
        },
        {
          "voter": "Lauren",
          "voter_id": "US0510",
          "voter_color": "#427cef",
          "target": "Patrick",
          "target_id": "US0501",
          "target_color": "#d49311",
          "vote_round": 1
        },
        {
          "voter": "Devon",
          "voter_id": "US0513",
          "voter_color": "#9311d4",
          "target": "Patrick",
          "target_id": "US0501",
          "target_color": "#d49311",
          "vote_round": 1
        },
        {
          "voter": "Ryan",
          "voter_id": "US0514",
          "voter_color": "#db56db",
          "target": "Patrick",
          "target_id": "US0501",
          "target_color": "#d49311",
          "vote_round": 1
        }
      ],
      "had_revote": false
    },
    {
      "tc_number": 4,
      "episode": 4,
      "day": 11,
      "sog_id": 4,
      "tribe": "Levu",
      "tribe_color": "#0C5DDC",
      "tribe_status": "Swapped",
      "eliminated": "Alan",
      "eliminated_id": "US0502",
      "eliminated_color": "#dbdb56",
      "elimination_type": "voted_out",
      "votes": [
        {
          "voter": "Alan",
          "voter_id": "US0502",
          "voter_color": "#dbdb56",
          "target": "Joe",
          "target_id": "US0509",
          "target_color": "#1c8fc8",
          "vote_round": 1
        },
        {
          "voter": "Desi",
          "voter_id": "US0506",
          "voter_color": "#4ce57f",
          "target": "Alan",
          "target_id": "US0502",
          "target_color": "#dbdb56",
          "vote_round": 1
        },
        {
          "voter": "Joe",
          "voter_id": "US0509",
          "voter_color": "#1c8fc8",
          "target": "Alan",
          "target_id": "US0502",
          "target_color": "#dbdb56",
          "vote_round": 1
        },
        {
          "voter": "Ashley",
          "voter_id": "US0511",
          "voter_color": "#2828bd",
          "target": "Joe",
          "target_id": "US0509",
          "target_color": "#1c8fc8",
          "vote_round": 1
        }
      ],
      "had_revote": false
    },
    {
      "tc_number": 5,
      "episode": 5,
      "day": 14,
      "sog_id": 5,
      "tribe": "Soko",
      "tribe_color": "#F1CD1F",
      "tribe_status": "Swapped",
      "eliminated": "Roark",
      "eliminated_id": "US0503",
      "eliminated_color": "#8fc81c",
      "elimination_type": "voted_out",
      "votes": [
        {
          "voter": "Roark",
          "voter_id": "US0503",
          "voter_color": "#8fc81c",
          "target": "Chrissy",
          "target_id": "US0515",
          "target_color": "#c81c8f",
          "vote_round": 1
        },
        {
          "voter": "Ali",
          "voter_id": "US0504",
          "voter_color": "#7cef42",
          "target": "Chrissy",
          "target_id": "US0515",
          "target_color": "#c81c8f",
          "vote_round": 1
        },
        {
          "voter": "JP",
          "voter_id": "US0508",
          "voter_color": "#56dbdb",
          "target": "Roark",
          "target_id": "US0503",
          "target_color": "#8fc81c",
          "vote_round": 1
        },
        {
          "voter": "Ryan",
          "voter_id": "US0514",
          "voter_color": "#db56db",
          "target": "Roark",
          "target_id": "US0503",
          "target_color": "#8fc81c",
          "vote_round": 1
        },
        {
          "voter": "Chrissy",
          "voter_id": "US0515",
          "voter_color": "#c81c8f",
          "target": "Roark",
          "target_id": "US0503",
          "target_color": "#8fc81c",
          "vote_round": 1
        }
      ],
      "had_revote": false
    },
    {
      "tc_number": 6,
      "episode": 6,
      "day": 16,
      "sog_id": 6,
      "tribe": "Soko",
      "tribe_color": "#F1CD1F",
      "tribe_status": "Swapped",
      "eliminated": "Ali",
      "eliminated_id": "US0504",
      "eliminated_color": "#7cef42",
      "elimination_type": "voted_out",
      "votes": [
        {
          "voter": "Ali",
          "voter_id": "US0504",
          "voter_color": "#7cef42",
          "target": "JP",
          "target_id": "US0508",
          "target_color": "#56dbdb",
          "vote_round": 1
        },
        {
          "voter": "JP",
          "voter_id": "US0508",
          "voter_color": "#56dbdb",
          "target": "Ali",
          "target_id": "US0504",
          "target_color": "#7cef42",
          "vote_round": 1
        },
        {
          "voter": "Ryan",
          "voter_id": "US0514",
          "voter_color": "#db56db",
          "target": "Ali",
          "target_id": "US0504",
          "target_color": "#7cef42",
          "vote_round": 1
        },
        {
          "voter": "Chrissy",
          "voter_id": "US0515",
          "voter_color": "#c81c8f",
          "target": "Ali",
          "target_id": "US0504",
          "target_color": "#7cef42",
          "vote_round": 1
        }
      ],
      "had_revote": false
    },
    {
      "tc_number": 7,
      "episode": 7,
      "day": 19,
      "sog_id": 7,
      "tribe": "Solewa",
      "tribe_color": "#912E8D",
      "tribe_status": "Merged",
      "eliminated": "Jessica",
      "eliminated_id": "US0505",
      "eliminated_color": "#28bd28",
      "elimination_type": "voted_out",
      "votes": [
        {
          "voter": "Jessica",
          "voter_id": "US0505",
          "voter_color": "#28bd28",
          "target": "Chrissy",
          "target_id": "US0515",
          "target_color": "#c81c8f",
          "vote_round": 1
        },
        {
          "voter": "Desi",
          "voter_id": "US0506",
          "voter_color": "#4ce57f",
          "target": "Chrissy",
          "target_id": "US0515",
          "target_color": "#c81c8f",
          "vote_round": 1
        },
        {
          "voter": "Cole",
          "voter_id": "US0507",
          "voter_color": "#11d493",
          "target": "Chrissy",
          "target_id": "US0515",
          "target_color": "#c81c8f",
          "vote_round": 1
        },
        {
          "voter": "JP",
          "voter_id": "US0508",
          "voter_color": "#56dbdb",
          "target": "Jessica",
          "target_id": "US0505",
          "target_color": "#28bd28",
          "vote_round": 1
        },
        {
          "voter": "Joe",
          "voter_id": "US0509",
          "voter_color": "#1c8fc8",
          "target": "Chrissy",
          "target_id": "US0515",
          "target_color": "#c81c8f",
          "vote_round": 1
        },
        {
          "voter": "Lauren",
          "voter_id": "US0510",
          "voter_color": "#427cef",
          "target": "Jessica",
          "target_id": "US0505",
          "target_color": "#28bd28",
          "vote_round": 1
        },
        {
          "voter": "Ashley",
          "voter_id": "US0511",
          "voter_color": "#2828bd",
          "target": "Jessica",
          "target_id": "US0505",
          "target_color": "#28bd28",
          "vote_round": 1
        },
        {
          "voter": "Mike",
          "voter_id": "US0512",
          "voter_color": "#7f4ce5",
          "target": "Chrissy",
          "target_id": "US0515",
          "target_color": "#c81c8f",
          "vote_round": 1
        },
        {
          "voter": "Devon",
          "voter_id": "US0513",
          "voter_color": "#9311d4",
          "target": "Jessica",
          "target_id": "US0505",
          "target_color": "#28bd28",
          "vote_round": 1
        },
        {
          "voter": "Ryan",
          "voter_id": "US0514",
          "voter_color": "#db56db",
          "target": "Jessica",
          "target_id": "US0505",
          "target_color": "#28bd28",
          "vote_round": 1
        },
        {
          "voter": "Chrissy",
          "voter_id": "US0515",
          "voter_color": "#c81c8f",
          "target": "Jessica",
          "target_id": "US0505",
          "target_color": "#28bd28",
          "vote_round": 1
        },
        {
          "voter": "Ben",
          "voter_id": "US0516",
          "voter_color": "#ef427c",
          "target": "Jessica",
          "target_id": "US0505",
          "target_color": "#28bd28",
          "vote_round": 1
        }
      ],
      "had_revote": false
    },
    {
      "tc_number": 8,
      "episode": 8,
      "day": 21,
      "sog_id": 8,
      "tribe": "Solewa",
      "tribe_color": "#912E8D",
      "tribe_status": "Merged",
      "eliminated": "Desi",
      "eliminated_id": "US0506",
      "eliminated_color": "#4ce57f",
      "elimination_type": "deadlock",
      "votes": [
        {
          "voter": "Desi",
          "voter_id": "US0506",
          "voter_color": "#4ce57f",
          "target": "Lauren",
          "target_id": "US0510",
          "target_color": "#427cef",
          "vote_round": 1
        },
        {
          "voter": "Cole",
          "voter_id": "US0507",
          "voter_color": "#11d493",
          "target": "Joe",
          "target_id": "US0509",
          "target_color": "#1c8fc8",
          "vote_round": 1
        },
        {
          "voter": "JP",
          "voter_id": "US0508",
          "voter_color": "#56dbdb",
          "target": "Desi",
          "target_id": "US0506",
          "target_color": "#4ce57f",
          "vote_round": 1
        },
        {
          "voter": "Joe",
          "voter_id": "US0509",
          "voter_color": "#1c8fc8",
          "target": "Ben",
          "target_id": "US0516",
          "target_color": "#ef427c",
          "vote_round": 1
        },
        {
          "voter": "Ashley",
          "voter_id": "US0511",
          "voter_color": "#2828bd",
          "target": "Joe",
          "target_id": "US0509",
          "target_color": "#1c8fc8",
          "vote_round": 1
        },
        {
          "voter": "Mike",
          "voter_id": "US0512",
          "voter_color": "#7f4ce5",
          "target": "Joe",
          "target_id": "US0509",
          "target_color": "#1c8fc8",
          "vote_round": 1
        },
        {
          "voter": "Devon",
          "voter_id": "US0513",
          "voter_color": "#9311d4",
          "target": "Desi",
          "target_id": "US0506",
          "target_color": "#4ce57f",
          "vote_round": 1
        },
        {
          "voter": "Ryan",
          "voter_id": "US0514",
          "voter_color": "#db56db",
          "target": "Desi",
          "target_id": "US0506",
          "target_color": "#4ce57f",
          "vote_round": 1
        },
        {
          "voter": "Chrissy",
          "voter_id": "US0515",
          "voter_color": "#c81c8f",
          "target": "Joe",
          "target_id": "US0509",
          "target_color": "#1c8fc8",
          "vote_round": 1
        },
        {
          "voter": "Ben",
          "voter_id": "US0516",
          "voter_color": "#ef427c",
          "target": "Desi",
          "target_id": "US0506",
          "target_color": "#4ce57f",
          "vote_round": 1
        },
        {
          "voter": "Cole",
          "voter_id": "US0507",
          "voter_color": "#11d493",
          "target": "Desi",
          "target_id": "US0506",
          "target_color": "#4ce57f",
          "vote_round": 2
        },
        {
          "voter": "JP",
          "voter_id": "US0508",
          "voter_color": "#56dbdb",
          "target": "Desi",
          "target_id": "US0506",
          "target_color": "#4ce57f",
          "vote_round": 2
        },
        {
          "voter": "Ashley",
          "voter_id": "US0511",
          "voter_color": "#2828bd",
          "target": "Desi",
          "target_id": "US0506",
          "target_color": "#4ce57f",
          "vote_round": 2
        },
        {
          "voter": "Mike",
          "voter_id": "US0512",
          "voter_color": "#7f4ce5",
          "target": "Joe",
          "target_id": "US0509",
          "target_color": "#1c8fc8",
          "vote_round": 2
        },
        {
          "voter": "Devon",
          "voter_id": "US0513",
          "voter_color": "#9311d4",
          "target": "Desi",
          "target_id": "US0506",
          "target_color": "#4ce57f",
          "vote_round": 2
        },
        {
          "voter": "Ryan",
          "voter_id": "US0514",
          "voter_color": "#db56db",
          "target": "Desi",
          "target_id": "US0506",
          "target_color": "#4ce57f",
          "vote_round": 2
        },
        {
          "voter": "Chrissy",
          "voter_id": "US0515",
          "voter_color": "#c81c8f",
          "target": "Desi",
          "target_id": "US0506",
          "target_color": "#4ce57f",
          "vote_round": 2
        },
        {
          "voter": "Ben",
          "voter_id": "US0516",
          "voter_color": "#ef427c",
          "target": "Desi",
          "target_id": "US0506",
          "target_color": "#4ce57f",
          "vote_round": 2
        }
      ],
      "had_revote": true
    },
    {
      "tc_number": 9,
      "episode": 9,
      "day": 24,
      "sog_id": 9,
      "tribe": "Solewa",
      "tribe_color": "#912E8D",
      "tribe_status": "Merged",
      "eliminated": "Cole",
      "eliminated_id": "US0507",
      "eliminated_color": "#11d493",
      "elimination_type": "voted_out",
      "votes": [
        {
          "voter": "Cole",
          "voter_id": "US0507",
          "voter_color": "#11d493",
          "target": "Ben",
          "target_id": "US0516",
          "target_color": "#ef427c",
          "vote_round": 1
        },
        {
          "voter": "JP",
          "voter_id": "US0508",
          "voter_color": "#56dbdb",
          "target": "Mike",
          "target_id": "US0512",
          "target_color": "#7f4ce5",
          "vote_round": 1
        },
        {
          "voter": "Joe",
          "voter_id": "US0509",
          "voter_color": "#1c8fc8",
          "target": "Cole",
          "target_id": "US0507",
          "target_color": "#11d493",
          "vote_round": 1
        },
        {
          "voter": "Lauren",
          "voter_id": "US0510",
          "voter_color": "#427cef",
          "target": "Cole",
          "target_id": "US0507",
          "target_color": "#11d493",
          "vote_round": 1
        },
        {
          "voter": "Ashley",
          "voter_id": "US0511",
          "voter_color": "#2828bd",
          "target": "Cole",
          "target_id": "US0507",
          "target_color": "#11d493",
          "vote_round": 1
        },
        {
          "voter": "Mike",
          "voter_id": "US0512",
          "voter_color": "#7f4ce5",
          "target": "Cole",
          "target_id": "US0507",
          "target_color": "#11d493",
          "vote_round": 1
        },
        {
          "voter": "Devon",
          "voter_id": "US0513",
          "voter_color": "#9311d4",
          "target": "Cole",
          "target_id": "US0507",
          "target_color": "#11d493",
          "vote_round": 1
        },
        {
          "voter": "Ryan",
          "voter_id": "US0514",
          "voter_color": "#db56db",
          "target": "Cole",
          "target_id": "US0507",
          "target_color": "#11d493",
          "vote_round": 1
        },
        {
          "voter": "Chrissy",
          "voter_id": "US0515",
          "voter_color": "#c81c8f",
          "target": "Mike",
          "target_id": "US0512",
          "target_color": "#7f4ce5",
          "vote_round": 1
        },
        {
          "voter": "Ben",
          "voter_id": "US0516",
          "voter_color": "#ef427c",
          "target": "Cole",
          "target_id": "US0507",
          "target_color": "#11d493",
          "vote_round": 1
        }
      ],
      "had_revote": false
    },
    {
      "tc_number": 10,
      "episode": 10,
      "day": 27,
      "sog_id": 10,
      "tribe": "Solewa",
      "tribe_color": "#912E8D",
      "tribe_status": "Merged",
      "eliminated": "JP",
      "eliminated_id": "US0508",
      "eliminated_color": "#56dbdb",
      "elimination_type": "voted_out",
      "votes": [
        {
          "voter": "JP",
          "voter_id": "US0508",
          "voter_color": "#56dbdb",
          "target": "Mike",
          "target_id": "US0512",
          "target_color": "#7f4ce5",
          "vote_round": 1
        },
        {
          "voter": "Joe",
          "voter_id": "US0509",
          "voter_color": "#1c8fc8",
          "target": "JP",
          "target_id": "US0508",
          "target_color": "#56dbdb",
          "vote_round": 1
        },
        {
          "voter": "Lauren",
          "voter_id": "US0510",
          "voter_color": "#427cef",
          "target": "JP",
          "target_id": "US0508",
          "target_color": "#56dbdb",
          "vote_round": 1
        },
        {
          "voter": "Ashley",
          "voter_id": "US0511",
          "voter_color": "#2828bd",
          "target": "JP",
          "target_id": "US0508",
          "target_color": "#56dbdb",
          "vote_round": 1
        },
        {
          "voter": "Mike",
          "voter_id": "US0512",
          "voter_color": "#7f4ce5",
          "target": "JP",
          "target_id": "US0508",
          "target_color": "#56dbdb",
          "vote_round": 1
        },
        {
          "voter": "Devon",
          "voter_id": "US0513",
          "voter_color": "#9311d4",
          "target": "JP",
          "target_id": "US0508",
          "target_color": "#56dbdb",
          "vote_round": 1
        },
        {
          "voter": "Ryan",
          "voter_id": "US0514",
          "voter_color": "#db56db",
          "target": "Mike",
          "target_id": "US0512",
          "target_color": "#7f4ce5",
          "vote_round": 1
        },
        {
          "voter": "Chrissy",
          "voter_id": "US0515",
          "voter_color": "#c81c8f",
          "target": "Joe",
          "target_id": "US0509",
          "target_color": "#1c8fc8",
          "vote_round": 1
        },
        {
          "voter": "Ben",
          "voter_id": "US0516",
          "voter_color": "#ef427c",
          "target": "Mike",
          "target_id": "US0512",
          "target_color": "#7f4ce5",
          "vote_round": 1
        }
      ],
      "had_revote": false
    },
    {
      "tc_number": 11,
      "episode": 10,
      "day": 30,
      "sog_id": 11,
      "tribe": "Solewa",
      "tribe_color": "#912E8D",
      "tribe_status": "Merged",
      "eliminated": "Joe",
      "eliminated_id": "US0509",
      "eliminated_color": "#1c8fc8",
      "elimination_type": "voted_out",
      "votes": [
        {
          "voter": "Joe",
          "voter_id": "US0509",
          "voter_color": "#1c8fc8",
          "target": "Ryan",
          "target_id": "US0514",
          "target_color": "#db56db",
          "vote_round": 1
        },
        {
          "voter": "Lauren",
          "voter_id": "US0510",
          "voter_color": "#427cef",
          "target": "Joe",
          "target_id": "US0509",
          "target_color": "#1c8fc8",
          "vote_round": 1
        },
        {
          "voter": "Ashley",
          "voter_id": "US0511",
          "voter_color": "#2828bd",
          "target": "Joe",
          "target_id": "US0509",
          "target_color": "#1c8fc8",
          "vote_round": 1
        },
        {
          "voter": "Mike",
          "voter_id": "US0512",
          "voter_color": "#7f4ce5",
          "target": "Ryan",
          "target_id": "US0514",
          "target_color": "#db56db",
          "vote_round": 1
        },
        {
          "voter": "Devon",
          "voter_id": "US0513",
          "voter_color": "#9311d4",
          "target": "Joe",
          "target_id": "US0509",
          "target_color": "#1c8fc8",
          "vote_round": 1
        },
        {
          "voter": "Ryan",
          "voter_id": "US0514",
          "voter_color": "#db56db",
          "target": "Ashley",
          "target_id": "US0511",
          "target_color": "#2828bd",
          "vote_round": 1
        },
        {
          "voter": "Chrissy",
          "voter_id": "US0515",
          "voter_color": "#c81c8f",
          "target": "Ashley",
          "target_id": "US0511",
          "target_color": "#2828bd",
          "vote_round": 1
        },
        {
          "voter": "Ben",
          "voter_id": "US0516",
          "voter_color": "#ef427c",
          "target": "Joe",
          "target_id": "US0509",
          "target_color": "#1c8fc8",
          "vote_round": 1
        }
      ],
      "had_revote": false
    },
    {
      "tc_number": 12,
      "episode": 11,
      "day": 33,
      "sog_id": 12,
      "tribe": "Solewa",
      "tribe_color": "#912E8D",
      "tribe_status": "Merged",
      "eliminated": "Lauren",
      "eliminated_id": "US0510",
      "eliminated_color": "#427cef",
      "elimination_type": "voted_out",
      "votes": [
        {
          "voter": "Lauren",
          "voter_id": "US0510",
          "voter_color": "#427cef",
          "target": "Ben",
          "target_id": "US0516",
          "target_color": "#ef427c",
          "vote_round": 1
        },
        {
          "voter": "Ashley",
          "voter_id": "US0511",
          "voter_color": "#2828bd",
          "target": "Ben",
          "target_id": "US0516",
          "target_color": "#ef427c",
          "vote_round": 1
        },
        {
          "voter": "Mike",
          "voter_id": "US0512",
          "voter_color": "#7f4ce5",
          "target": "Ben",
          "target_id": "US0516",
          "target_color": "#ef427c",
          "vote_round": 1
        },
        {
          "voter": "Devon",
          "voter_id": "US0513",
          "voter_color": "#9311d4",
          "target": "Ben",
          "target_id": "US0516",
          "target_color": "#ef427c",
          "vote_round": 1
        },
        {
          "voter": "Ryan",
          "voter_id": "US0514",
          "voter_color": "#db56db",
          "target": "Ben",
          "target_id": "US0516",
          "target_color": "#ef427c",
          "vote_round": 1
        },
        {
          "voter": "Chrissy",
          "voter_id": "US0515",
          "voter_color": "#c81c8f",
          "target": "Ben",
          "target_id": "US0516",
          "target_color": "#ef427c",
          "vote_round": 1
        },
        {
          "voter": "Ben",
          "voter_id": "US0516",
          "voter_color": "#ef427c",
          "target": "Lauren",
          "target_id": "US0510",
          "target_color": "#427cef",
          "vote_round": 1
        }
      ],
      "had_revote": false
    },
    {
      "tc_number": 13,
      "episode": 12,
      "day": 36,
      "sog_id": 13,
      "tribe": "Solewa",
      "tribe_color": "#912E8D",
      "tribe_status": "Merged",
      "eliminated": "Ashley",
      "eliminated_id": "US0511",
      "eliminated_color": "#2828bd",
      "elimination_type": "voted_out",
      "votes": [
        {
          "voter": "Ashley",
          "voter_id": "US0511",
          "voter_color": "#2828bd",
          "target": "Mike",
          "target_id": "US0512",
          "target_color": "#7f4ce5",
          "vote_round": 1
        },
        {
          "voter": "Mike",
          "voter_id": "US0512",
          "voter_color": "#7f4ce5",
          "target": "Ashley",
          "target_id": "US0511",
          "target_color": "#2828bd",
          "vote_round": 1
        },
        {
          "voter": "Devon",
          "voter_id": "US0513",
          "voter_color": "#9311d4",
          "target": "Ashley",
          "target_id": "US0511",
          "target_color": "#2828bd",
          "vote_round": 1
        },
        {
          "voter": "Ryan",
          "voter_id": "US0514",
          "voter_color": "#db56db",
          "target": "Ashley",
          "target_id": "US0511",
          "target_color": "#2828bd",
          "vote_round": 1
        },
        {
          "voter": "Chrissy",
          "voter_id": "US0515",
          "voter_color": "#c81c8f",
          "target": "Ashley",
          "target_id": "US0511",
          "target_color": "#2828bd",
          "vote_round": 1
        },
        {
          "voter": "Ben",
          "voter_id": "US0516",
          "voter_color": "#ef427c",
          "target": "Ashley",
          "target_id": "US0511",
          "target_color": "#2828bd",
          "vote_round": 1
        }
      ],
      "had_revote": false
    },
    {
      "tc_number": 14,
      "episode": 13,
      "day": 37,
      "sog_id": 14,
      "tribe": "Solewa",
      "tribe_color": "#912E8D",
      "tribe_status": "Merged",
      "eliminated": "Mike",
      "eliminated_id": "US0512",
      "eliminated_color": "#7f4ce5",
      "elimination_type": "deadlock",
      "votes": [
        {
          "voter": "Mike",
          "voter_id": "US0512",
          "voter_color": "#7f4ce5",
          "target": "Ben",
          "target_id": "US0516",
          "target_color": "#ef427c",
          "vote_round": 1
        },
        {
          "voter": "Devon",
          "voter_id": "US0513",
          "voter_color": "#9311d4",
          "target": "Mike",
          "target_id": "US0512",
          "target_color": "#7f4ce5",
          "vote_round": 1
        },
        {
          "voter": "Ryan",
          "voter_id": "US0514",
          "voter_color": "#db56db",
          "target": "Ben",
          "target_id": "US0516",
          "target_color": "#ef427c",
          "vote_round": 1
        },
        {
          "voter": "Chrissy",
          "voter_id": "US0515",
          "voter_color": "#c81c8f",
          "target": "Ben",
          "target_id": "US0516",
          "target_color": "#ef427c",
          "vote_round": 1
        },
        {
          "voter": "Ben",
          "voter_id": "US0516",
          "voter_color": "#ef427c",
          "target": "Devon",
          "target_id": "US0513",
          "target_color": "#9311d4",
          "vote_round": 1
        },
        {
          "voter": "Ryan",
          "voter_id": "US0514",
          "voter_color": "#db56db",
          "target": "Mike",
          "target_id": "US0512",
          "target_color": "#7f4ce5",
          "vote_round": 2
        },
        {
          "voter": "Chrissy",
          "voter_id": "US0515",
          "voter_color": "#c81c8f",
          "target": "Mike",
          "target_id": "US0512",
          "target_color": "#7f4ce5",
          "vote_round": 2
        },
        {
          "voter": "Ben",
          "voter_id": "US0516",
          "voter_color": "#ef427c",
          "target": "Devon",
          "target_id": "US0513",
          "target_color": "#9311d4",
          "vote_round": 2
        }
      ],
      "had_revote": true
    },
    {
      "tc_number": 15,
      "episode": 13,
      "day": 38,
      "sog_id": 15,
      "tribe": "Solewa",
      "tribe_color": "#912E8D",
      "tribe_status": "Merged",
      "eliminated": "Devon",
      "eliminated_id": "US0513",
      "eliminated_color": "#9311d4",
      "elimination_type": "fire_challenge",
      "votes": [],
      "had_revote": false
    }
  ],
  "boot_order": [
    {
      "name": "Katrina",
      "id": "US0499",
      "color": "#bd2828",
      "tc_number": 1,
      "placement": 1,
      "elimination_type": "voted_out"
    },
    {
      "name": "Simone",
      "id": "US0500",
      "color": "#e57f4c",
      "tc_number": 2,
      "placement": 2,
      "elimination_type": "voted_out"
    },
    {
      "name": "Patrick",
      "id": "US0501",
      "color": "#d49311",
      "tc_number": 3,
      "placement": 3,
      "elimination_type": "voted_out"
    },
    {
      "name": "Alan",
      "id": "US0502",
      "color": "#dbdb56",
      "tc_number": 4,
      "placement": 4,
      "elimination_type": "voted_out"
    },
    {
      "name": "Roark",
      "id": "US0503",
      "color": "#8fc81c",
      "tc_number": 5,
      "placement": 5,
      "elimination_type": "voted_out"
    },
    {
      "name": "Ali",
      "id": "US0504",
      "color": "#7cef42",
      "tc_number": 6,
      "placement": 6,
      "elimination_type": "voted_out"
    },
    {
      "name": "Jessica",
      "id": "US0505",
      "color": "#28bd28",
      "tc_number": 7,
      "placement": 7,
      "elimination_type": "voted_out"
    },
    {
      "name": "Desi",
      "id": "US0506",
      "color": "#4ce57f",
      "tc_number": 8,
      "placement": 8,
      "elimination_type": "deadlock"
    },
    {
      "name": "Cole",
      "id": "US0507",
      "color": "#11d493",
      "tc_number": 9,
      "placement": 9,
      "elimination_type": "voted_out"
    },
    {
      "name": "JP",
      "id": "US0508",
      "color": "#56dbdb",
      "tc_number": 10,
      "placement": 10,
      "elimination_type": "voted_out"
    },
    {
      "name": "Joe",
      "id": "US0509",
      "color": "#1c8fc8",
      "tc_number": 11,
      "placement": 11,
      "elimination_type": "voted_out"
    },
    {
      "name": "Lauren",
      "id": "US0510",
      "color": "#427cef",
      "tc_number": 12,
      "placement": 12,
      "elimination_type": "voted_out"
    },
    {
      "name": "Ashley",
      "id": "US0511",
      "color": "#2828bd",
      "tc_number": 13,
      "placement": 13,
      "elimination_type": "voted_out"
    },
    {
      "name": "Mike",
      "id": "US0512",
      "color": "#7f4ce5",
      "tc_number": 14,
      "placement": 14,
      "elimination_type": "deadlock"
    },
    {
      "name": "Devon",
      "id": "US0513",
      "color": "#9311d4",
      "tc_number": 15,
      "placement": 15,
      "elimination_type": "fire_challenge"
    },
    {
      "name": "Ryan",
      "id": "US0514",
      "color": "#db56db",
      "tc_number": 16,
      "placement": 16,
      "elimination_type": "FTC",
      "ftc_votes": 1
    },
    {
      "name": "Chrissy",
      "id": "US0515",
      "color": "#c81c8f",
      "tc_number": 16,
      "placement": 17,
      "elimination_type": "FTC",
      "ftc_votes": 2
    },
    {
      "name": "Ben",
      "id": "US0516",
      "color": "#ef427c",
      "tc_number": 16,
      "placement": 18,
      "elimination_type": "FTC",
      "ftc_votes": 5
    }
  ],
  "ftc": {
    "finalists": [
      {
        "id": "US0516",
        "name": "Ben",
        "color": "#ef427c",
        "votes_received": 5
      },
      {
        "id": "US0515",
        "name": "Chrissy",
        "color": "#c81c8f",
        "votes_received": 2
      },
      {
        "id": "US0514",
        "name": "Ryan",
        "color": "#db56db",
        "votes_received": 1
      }
    ],
    "jury_votes": [
      {
        "juror_id": "US0507",
        "juror_name": "Cole",
        "juror_color": "#11d493",
        "voted_for_id": "US0516",
        "voted_for_name": "Ben",
        "voted_for_color": "#ef427c",
        "alignment_pct": 0.0,
        "eligible_votes": 3,
        "aligned_votes": 0,
        "finalist_helped_eliminate": true
      },
      {
        "juror_id": "US0506",
        "juror_name": "Desi",
        "juror_color": "#4ce57f",
        "voted_for_id": "US0516",
        "voted_for_name": "Ben",
        "voted_for_color": "#ef427c",
        "alignment_pct": 0.0,
        "eligible_votes": 2,
        "aligned_votes": 0,
        "finalist_helped_eliminate": true
      },
      {
        "juror_id": "US0508",
        "juror_name": "JP",
        "juror_color": "#56dbdb",
        "voted_for_id": "US0516",
        "voted_for_name": "Ben",
        "voted_for_color": "#ef427c",
        "alignment_pct": 80.0,
        "eligible_votes": 5,
        "aligned_votes": 4,
        "finalist_helped_eliminate": false
      },
      {
        "juror_id": "US0509",
        "juror_name": "Joe",
        "juror_color": "#1c8fc8",
        "voted_for_id": "US0516",
        "voted_for_name": "Ben",
        "voted_for_color": "#ef427c",
        "alignment_pct": 20.0,
        "eligible_votes": 5,
        "aligned_votes": 1,
        "finalist_helped_eliminate": true
      },
      {
        "juror_id": "US0510",
        "juror_name": "Lauren",
        "juror_color": "#427cef",
        "voted_for_id": "US0516",
        "voted_for_name": "Ben",
        "voted_for_color": "#ef427c",
        "alignment_pct": 60.0,
        "eligible_votes": 5,
        "aligned_votes": 3,
        "finalist_helped_eliminate": true
      },
      {
        "juror_id": "US0511",
        "juror_name": "Ashley",
        "juror_color": "#2828bd",
        "voted_for_id": "US0515",
        "voted_for_name": "Chrissy",
        "voted_for_color": "#c81c8f",
        "alignment_pct": 50.0,
        "eligible_votes": 8,
        "aligned_votes": 4,
        "finalist_helped_eliminate": true
      },
      {
        "juror_id": "US0512",
        "juror_name": "Mike",
        "juror_color": "#7f4ce5",
        "voted_for_id": "US0515",
        "voted_for_name": "Chrissy",
        "voted_for_color": "#c81c8f",
        "alignment_pct": 50.0,
        "eligible_votes": 8,
        "aligned_votes": 4,
        "finalist_helped_eliminate": true
      },
      {
        "juror_id": "US0513",
        "juror_name": "Devon",
        "juror_color": "#9311d4",
        "voted_for_id": "US0514",
        "voted_for_name": "Ryan",
        "voted_for_color": "#db56db",
        "alignment_pct": 70.0,
        "eligible_votes": 10,
        "aligned_votes": 7,
        "finalist_helped_eliminate": false
      }
    ]
  }
}