{
  "season": 37,
  "version_season": "US37",
  "version": "US",
  "total_castaways": 20,
  "total_tribal_councils": 15,
  "castaways": [
    {
      "id": "US0537",
      "name": "Pat",
      "full_name": "Pat Cusack",
      "tribe": "David",
      "tribe_color": "#CF7315",
      "color": "#bd2828",
      "placement": 1,
      "result": "Medically evacuated"
    },
    {
      "id": "US0538",
      "name": "Jessica",
      "full_name": "Jessica Peet",
      "tribe": "David",
      "tribe_color": "#CF7315",
      "color": "#e57a4c",
      "placement": 2,
      "result": "1st voted out"
    },
    {
      "id": "US0539",
      "name": "Jeremy",
      "full_name": "Jeremy Crawford",
      "tribe": "Goliath",
      "tribe_color": "#672D7B",
      "color": "#d48611",
      "placement": 3,
      "result": "2nd voted out"
    },
    {
      "id": "US0540",
      "name": "Bi",
      "full_name": "Bi Nguyen",
      "tribe": "David",
      "tribe_color": "#CF7315",
      "color": "#dbce56",
      "placement": 4,
      "result": "Quit"
    },
    {
      "id": "US0541",
      "name": "Natalia",
      "full_name": "Natalia Azoqa",
      "tribe": "Goliath",
      "tribe_color": "#672D7B",
      "color": "#a6c81c",
      "placement": 5,
      "result": "3rd voted out"
    },
    {
      "id": "US0542",
      "name": "Natalie",
      "full_name": "Natalie Cole",
      "tribe": "Goliath",
      "tribe_color": "#672D7B",
      "color": "#99ef42",
      "placement": 6,
      "result": "4th voted out"
    },
    {
      "id": "US0543",
      "name": "Lyrsa",
      "full_name": "Lyrsa Torres",
      "tribe": "David",
      "tribe_color": "#CF7315",
      "color": "#45bd28",
      "placement": 7,
      "result": "5th voted out"
    },
    {
      "id": "US0544",
      "name": "Elizabeth",
      "full_name": "Elizabeth Olson",
      "tribe": "David",
      "tribe_color": "#CF7315",
      "color": "#4ce55b",
      "placement": 8,
      "result": "6th voted out"
    },
    {
      "id": "US0545",
      "name": "John",
      "full_name": "John Hennigan",
      "tribe": "Goliath",
      "tribe_color": "#672D7B",
      "color": "#11d45f",
      "placement": 9,
      "result": "7th voted out"
    },
    {
      "id": "US0546",
      "name": "Dan",
      "full_name": "Dan Rengering",
      "tribe": "Goliath",
      "tribe_color": "#672D7B",
      "color": "#56dbb3",
      "placement": 10,
      "result": "8th voted out"
    },
    {
      "id": "US0547",
      "name": "Alec",
      "full_name": "Alec Merlino",
      "tribe": "Goliath",
      "tribe_color": "#672D7B",
      "color": "#1cc8c8",
      "placement": 11,
      "result": "9th voted out"
    },
    {
      "id": "US0548",
      "name": "Carl",
      "full_name": "Carl Boudreaux",
      "tribe": "David",
      "tribe_color": "#CF7315",
      "color": "#42bbef",
      "placement": 12,
      "result": "10th voted out"
    },
    {
      "id": "US0549",
      "name": "Gabby",
      "full_name": "Gabby Pascuzzi",
      "tribe": "David",
      "tribe_color": "#CF7315",
      "color": "#2863bd",
      "placement": 13,
      "result": "11th voted out"
    },
    {
      "id": "US0550",
      "name": "Christian",
      "full_name": "Christian Hubicki",
      "tribe": "David",
      "tribe_color": "#CF7315",
      "color": "#4c5be5",
      "placement": 14,
      "result": "12th voted out"
    },
    {
      "id": "US0551",
      "name": "Davie",
      "full_name": "Davie Rickenbacker",
      "tribe": "David",
      "tribe_color": "#CF7315",
      "color": "#3811d4",
      "placement": 15,
      "result": "13th voted out"
    },
    {
      "id": "US0552",
      "name": "Alison",
      "full_name": "Alison Raybould",
      "tribe": "Goliath",
      "tribe_color": "#672D7B",
      "color": "#9856db",
      "placement": 16,
      "result": "14th voted out"
    },
    {
      "id": "US0553",
      "name": "Kara",
      "full_name": "Kara Kay",
      "tribe": "Goliath",
      "tribe_color": "#672D7B",
      "color": "#a61cc8",
      "placement": 17,
      "result": "Lost final 4 fire challenge"
    },
    {
      "id": "US0554",
      "name": "Angelina",
      "full_name": "Angelina Keeley",
      "tribe": "Goliath",
      "tribe_color": "#672D7B",
      "color": "#ef42de",
      "placement": 18,
      "result": "2nd runner-up"
    },
    {
      "id": "US0555",
      "name": "Mike",
      "full_name": "Mike White",
      "tribe": "Goliath",
      "tribe_color": "#672D7B",
      "color": "#bd2881",
      "placement": 19,
      "result": "Runner-up"
    },
    {
      "id": "US0556",
      "name": "Nick",
      "full_name": "Nick Wilson",
      "tribe": "David",
      "tribe_color": "#CF7315",
      "color": "#e54c7a",
      "placement": 20,
      "result": "Sole Survivor"
    }
  ],
  "tribes": {
    "David": "#CF7315",
    "Goliath": "#672D7B",
    "Jabeni": "#672D7B",
    "Kalokalo": "#93D2FF",
    "Tiva": "#398043",
    "Vuku": "#CF7315"
  },
  "tribal_councils": [
    {
      "tc_number": 1,
      "episode": 2,
      "day": 6,
      "sog_id": 2,
      "tribe": "David",
      "tribe_color": "#CF7315",
      "tribe_status": "Original",
      "eliminated": "Jessica",
      "eliminated_id": "US0538",
      "eliminated_color": "#e57a4c",
      "elimination_type": "voted_out",
      "votes": [
        {
          "voter": "Jessica",
          "voter_id": "US0538",
          "voter_color": "#e57a4c",
          "target": "Lyrsa",
          "target_id": "US0543",
          "target_color": "#45bd28",
          "vote_round": 1
        },
        {
          "voter": "Bi",
          "voter_id": "US0540",
          "voter_color": "#dbce56",
          "target": "Lyrsa",
          "target_id": "US0543",
          "target_color": "#45bd28",
          "vote_round": 1
        },
        {
          "voter": "Lyrsa",
          "voter_id": "US0543",
          "voter_color": "#45bd28",
          "target": "Jessica",
          "target_id": "US0538",
          "target_color": "#e57a4c",
          "vote_round": 1
        },
        {
          "voter": "Elizabeth",
          "voter_id": "US0544",
          "voter_color": "#4ce55b",
          "target": "Jessica",
          "target_id": "US0538",
          "target_color": "#e57a4c",
          "vote_round": 1
        },
        {
          "voter": "Carl",
          "voter_id": "US0548",
          "voter_color": "#42bbef",
          "target": "Lyrsa",
          "target_id": "US0543",
          "target_color": "#45bd28",
          "vote_round": 1
        },
        {
          "voter": "Gabby",
          "voter_id": "US0549",
          "voter_color": "#2863bd",
          "target": "Jessica",
          "target_id": "US0538",
          "target_color": "#e57a4c",
          "vote_round": 1
        },
        {
          "voter": "Christian",
          "voter_id": "US0550",
          "voter_color": "#4c5be5",
          "target": "Jessica",
          "target_id": "US0538",
          "target_color": "#e57a4c",
          "vote_round": 1
        },
        {
          "voter": "Davie",
          "voter_id": "US0551",
          "voter_color": "#3811d4",
          "target": "Lyrsa",
          "target_id": "US0543",
          "target_color": "#45bd28",
          "vote_round": 1
        },
        {
          "voter": "Nick",
          "voter_id": "US0556",
          "voter_color": "#e54c7a",
          "target": "Jessica",
          "target_id": "US0538",
          "target_color": "#e57a4c",
          "vote_round": 1
        }
      ],
      "had_revote": false
    },
    {
      "tc_number": 2,
      "episode": 3,
      "day": 9,
      "sog_id": 3,
      "tribe": "Goliath",
      "tribe_color": "#672D7B",
      "tribe_status": "Original",
      "eliminated": "Jeremy",
      "eliminated_id": "US0539",
      "eliminated_color": "#d48611",
      "elimination_type": "voted_out",
      "votes": [
        {
          "voter": "Jeremy",
          "voter_id": "US0539",
          "voter_color": "#d48611",
          "target": "Natalie",
          "target_id": "US0542",
          "target_color": "#99ef42",
          "vote_round": 1
        },
        {
          "voter": "Natalia",
          "voter_id": "US0541",
          "voter_color": "#a6c81c",
          "target": "Jeremy",
          "target_id": "US0539",
          "target_color": "#d48611",
          "vote_round": 1
        },
        {
          "voter": "Natalie",
          "voter_id": "US0542",
          "voter_color": "#99ef42",
          "target": "Jeremy",
          "target_id": "US0539",
          "target_color": "#d48611",
          "vote_round": 1
        },
        {
          "voter": "John",
          "voter_id": "US0545",
          "voter_color": "#11d45f",
          "target": "Jeremy",
          "target_id": "US0539",
          "target_color": "#d48611",
          "vote_round": 1
        },
        {
          "voter": "Dan",
          "voter_id": "US0546",
          "voter_color": "#56dbb3",
          "target": "Jeremy",
          "target_id": "US0539",
          "target_color": "#d48611",
          "vote_round": 1
        },
        {
          "voter": "Alec",
          "voter_id": "US0547",
          "voter_color": "#1cc8c8",
          "target": "Jeremy",
          "target_id": "US0539",
          "target_color": "#d48611",
          "vote_round": 1
        },
        {
          "voter": "Alison",
          "voter_id": "US0552",
          "voter_color": "#9856db",
          "target": "Jeremy",
          "target_id": "US0539",
          "target_color": "#d48611",
          "vote_round": 1
        },
        {
          "voter": "Kara",
          "voter_id": "US0553",
          "voter_color": "#a61cc8",
          "target": "Jeremy",
          "target_id": "US0539",
          "target_color": "#d48611",
          "vote_round": 1
        },
        {
          "voter": "Angelina",
          "voter_id": "US0554",
          "voter_color": "#ef42de",
          "target": "Jeremy",
          "target_id": "US0539",
          "target_color": "#d48611",
          "vote_round": 1
        },
        {
          "voter": "Mike",
          "voter_id": "US0555",
          "voter_color": "#bd2881",
          "target": "Jeremy",
          "target_id": "US0539",
          "target_color": "#d48611",
          "vote_round": 1
        }
      ],
      "had_revote": false
    },
    {
      "tc_number": 3,
      "episode": 4,
      "day": 11,
      "sog_id": 5,
      "tribe": "Vuku",
      "tribe_color": "#CF7315",
      "tribe_status": "Swapped",
      "eliminated": "Natalia",
      "eliminated_id": "US0541",
      "eliminated_color": "#a6c81c",
      "elimination_type": "voted_out",
      "votes": [
        {
          "voter": "Natalia",
          "voter_id": "US0541",
          "voter_color": "#a6c81c",
          "target": "Elizabeth",
          "target_id": "US0544",
          "target_color": "#4ce55b",
          "vote_round": 1
        },
        {
          "voter": "Elizabeth",
          "voter_id": "US0544",
          "voter_color": "#4ce55b",
          "target": "Natalia",
          "target_id": "US0541",
          "target_color": "#a6c81c",
          "vote_round": 1
        },
        {
          "voter": "Alec",
          "voter_id": "US0547",
          "voter_color": "#1cc8c8",
          "target": "Natalia",
          "target_id": "US0541",
          "target_color": "#a6c81c",
          "vote_round": 1
        },
        {
          "voter": "Davie",
          "voter_id": "US0551",
          "voter_color": "#3811d4",
          "target": "Natalia",
          "target_id": "US0541",
          "target_color": "#a6c81c",
          "vote_round": 1
        },
        {
          "voter": "Kara",
          "voter_id": "US0553",
          "voter_color": "#a61cc8",
          "target": "Davie",
          "target_id": "US0551",
          "target_color": "#3811d4",
          "vote_round": 1
        }
      ],
      "had_revote": false
    },
    {
      "tc_number": 4,
      "episode": 5,
      "day": 15,
      "sog_id": 6,
      "tribe": "Jabeni",
      "tribe_color": "#672D7B",
      "tribe_status": "Swapped",
      "eliminated": "Natalie",
      "eliminated_id": "US0542",
      "eliminated_color": "#99ef42",
      "elimination_type": "voted_out",
      "votes": [
        {
          "voter": "Natalie",
          "voter_id": "US0542",
          "voter_color": "#99ef42",
          "target": "Lyrsa",
          "target_id": "US0543",
          "target_color": "#45bd28",
          "vote_round": 1
        },
        {
          "voter": "Lyrsa",
          "voter_id": "US0543",
          "voter_color": "#45bd28",
          "target": "Natalie",
          "target_id": "US0542",
          "target_color": "#99ef42",
          "vote_round": 1
        },
        {
          "voter": "Angelina",
          "voter_id": "US0554",
          "voter_color": "#ef42de",
          "target": "Lyrsa",
          "target_id": "US0543",
          "target_color": "#45bd28",
          "vote_round": 1
        },
        {
          "voter": "Mike",
          "voter_id": "US0555",
          "voter_color": "#bd2881",
          "target": "Natalie",
          "target_id": "US0542",
          "target_color": "#99ef42",
          "vote_round": 1
        },
        {
          "voter": "Nick",
          "voter_id": "US0556",
          "voter_color": "#e54c7a",
          "target": "Natalie",
          "target_id": "US0542",
          "target_color": "#99ef42",
          "vote_round": 1
        }
      ],
      "had_revote": false
    },
    {
      "tc_number": 5,
      "episode": 6,
      "day": 17,
      "sog_id": 7,
      "tribe": "Jabeni",
      "tribe_color": "#672D7B",
      "tribe_status": "Swapped",
      "eliminated": "Lyrsa",
      "eliminated_id": "US0543",
      "eliminated_color": "#45bd28",
      "elimination_type": "voted_out",
      "votes": [
        {
          "voter": "Lyrsa",
          "voter_id": "US0543",
          "voter_color": "#45bd28",
          "target": "Angelina",
          "target_id": "US0554",
          "target_color": "#ef42de",
          "vote_round": 1
        },
        {
          "voter": "Angelina",
          "voter_id": "US0554",
          "voter_color": "#ef42de",
          "target": "Lyrsa",
          "target_id": "US0543",
          "target_color": "#45bd28",
          "vote_round": 1
        },
        {
          "voter": "Mike",
          "voter_id": "US0555",
          "voter_color": "#bd2881",
          "target": "Lyrsa",
          "target_id": "US0543",
          "target_color": "#45bd28",
          "vote_round": 1
        },
        {
          "voter": "Nick",
          "voter_id": "US0556",
          "voter_color": "#e54c7a",
          "target": "Lyrsa",
          "target_id": "US0543",
          "target_color": "#45bd28",
          "vote_round": 1
        }
      ],
      "had_revote": false
    },
    {
      "tc_number": 6,
      "episode": 7,
      "day": 20,
      "sog_id": 8,
      "tribe": "Kalokalo",
      "tribe_color": "#93D2FF",
      "tribe_status": "Merged",
      "eliminated": "Elizabeth",
      "eliminated_id": "US0544",
      "eliminated_color": "#4ce55b",
      "elimination_type": "voted_out",
      "votes": [
        {
          "voter": "Elizabeth",
          "voter_id": "US0544",
          "voter_color": "#4ce55b",
          "target": "Angelina",
          "target_id": "US0554",
          "target_color": "#ef42de",
          "vote_round": 1
        },
        {
          "voter": "John",
          "voter_id": "US0545",
          "voter_color": "#11d45f",
          "target": "Elizabeth",
          "target_id": "US0544",
          "target_color": "#4ce55b",
          "vote_round": 1
        },
        {
          "voter": "Dan",
          "voter_id": "US0546",
          "voter_color": "#56dbb3",
          "target": "Elizabeth",
          "target_id": "US0544",
          "target_color": "#4ce55b",
          "vote_round": 1
        },
        {
          "voter": "Alec",
          "voter_id": "US0547",
          "voter_color": "#1cc8c8",
          "target": "Elizabeth",
          "target_id": "US0544",
          "target_color": "#4ce55b",
          "vote_round": 1
        },
        {
          "voter": "Carl",
          "voter_id": "US0548",
          "voter_color": "#42bbef",
          "target": "Elizabeth",
          "target_id": "US0544",
          "target_color": "#4ce55b",
          "vote_round": 1
        },
        {
          "voter": "Gabby",
          "voter_id": "US0549",
          "voter_color": "#2863bd",
          "target": "Elizabeth",
          "target_id": "US0544",
          "target_color": "#4ce55b",
          "vote_round": 1
        },
        {
          "voter": "Christian",
          "voter_id": "US0550",
          "voter_color": "#4c5be5",
          "target": "Elizabeth",
          "target_id": "US0544",
          "target_color": "#4ce55b",
          "vote_round": 1
        },
        {
          "voter": "Davie",
          "voter_id": "US0551",
          "voter_color": "#3811d4",
          "target": "Elizabeth",
          "target_id": "US0544",
          "target_color": "#4ce55b",
          "vote_round": 1
        },
        {
          "voter": "Alison",
          "voter_id": "US0552",
          "voter_color": "#9856db",
          "target": "Elizabeth",
          "target_id": "US0544",
          "target_color": "#4ce55b",
          "vote_round": 1
        },
        {
          "voter": "Kara",
          "voter_id": "US0553",
          "voter_color": "#a61cc8",
          "target": "Elizabeth",
          "target_id": "US0544",
          "target_color": "#4ce55b",
          "vote_round": 1
        },
        {
          "voter": "Angelina",
          "voter_id": "US0554",
          "voter_color": "#ef42de",
          "target": "Elizabeth",
          "target_id": "US0544",
          "target_color": "#4ce55b",
          "vote_round": 1
        },
        {
          "voter": "Mike",
          "voter_id": "US0555",
          "voter_color": "#bd2881",
          "target": "Elizabeth",
          "target_id": "US0544",
          "target_color": "#4ce55b",
          "vote_round": 1
        },
        {
          "voter": "Nick",
          "voter_id": "US0556",
          "voter_color": "#e54c7a",
          "target": "Elizabeth",
          "target_id": "US0544",
          "target_color": "#4ce55b",
          "vote_round": 1
        }
      ],
      "had_revote": false
    },
    {
      "tc_number": 7,
      "episode": 8,
      "day": 22,
      "sog_id": 9,
      "tribe": "Kalokalo",
      "tribe_color": "#93D2FF",
      "tribe_status": "Merged",
      "eliminated": "John",
      "eliminated_id": "US0545",
      "eliminated_color": "#11d45f",
      "elimination_type": "voted_out",
      "votes": [
        {
          "voter": "John",
          "voter_id": "US0545",
          "voter_color": "#11d45f",
          "target": "Christian",
          "target_id": "US0550",
          "target_color": "#4c5be5",
          "vote_round": 1
        },
        {
          "voter": "Dan",
          "voter_id": "US0546",
          "voter_color": "#56dbb3",
          "target": "Christian",
          "target_id": "US0550",
          "target_color": "#4c5be5",
          "vote_round": 1
        },
        {
          "voter": "Alec",
          "voter_id": "US0547",
          "voter_color": "#1cc8c8",
          "target": "Christian",
          "target_id": "US0550",
          "target_color": "#4c5be5",
          "vote_round": 1
        },
        {
          "voter": "Carl",
          "voter_id": "US0548",
          "voter_color": "#42bbef",
          "target": "Angelina",
          "target_id": "US0554",
          "target_color": "#ef42de",
          "vote_round": 1
        },
        {
          "voter": "Gabby",
          "voter_id": "US0549",
          "voter_color": "#2863bd",
          "target": "Angelina",
          "target_id": "US0554",
          "target_color": "#ef42de",
          "vote_round": 1
        },
        {
          "voter": "Christian",
          "voter_id": "US0550",
          "voter_color": "#4c5be5",
          "target": "John",
          "target_id": "US0545",
          "target_color": "#11d45f",
          "vote_round": 1
        },
        {
          "voter": "Davie",
          "voter_id": "US0551",
          "voter_color": "#3811d4",
          "target": "John",
          "target_id": "US0545",
          "target_color": "#11d45f",
          "vote_round": 1
        },
        {
          "voter": "Alison",
          "voter_id": "US0552",
          "voter_color": "#9856db",
          "target": "Christian",
          "target_id": "US0550",
          "target_color": "#4c5be5",
          "vote_round": 1
        },
        {
          "voter": "Kara",
          "voter_id": "US0553",
          "voter_color": "#a61cc8",
          "target": "Christian",
          "target_id": "US0550",
          "target_color": "#4c5be5",
          "vote_round": 1
        },
        {
          "voter": "Angelina",
          "voter_id": "US0554",
          "voter_color": "#ef42de",
          "target": "Christian",
          "target_id": "US0550",
          "target_color": "#4c5be5",
          "vote_round": 1
        },
        {
          "voter": "Mike",
          "voter_id": "US0555",
          "voter_color": "#bd2881",
          "target": "Christian",
          "target_id": "US0550",
          "target_color": "#4c5be5",
          "vote_round": 1
        },
        {
          "voter": "Nick",
          "voter_id": "US0556",
          "voter_color": "#e54c7a",
          "target": "John",
          "target_id": "US0545",
          "target_color": "#11d45f",
          "vote_round": 1
        }
      ],
      "had_revote": false
    },
    {
      "tc_number": 8,
      "episode": 9,
      "day": 25,
      "sog_id": 10,
      "tribe": "Kalokalo",
      "tribe_color": "#93D2FF",
      "tribe_status": "Merged",
      "eliminated": "Dan",
      "eliminated_id": "US0546",
      "eliminated_color": "#56dbb3",
      "elimination_type": "voted_out",
      "votes": [
        {
          "voter": "Dan",
          "voter_id": "US0546",
          "voter_color": "#56dbb3",
          "target": "Christian",
          "target_id": "US0550",
          "target_color": "#4c5be5",
          "vote_round": 1
        },
        {
          "voter": "Alec",
          "voter_id": "US0547",
          "voter_color": "#1cc8c8",
          "target": "Angelina",
          "target_id": "US0554",
          "target_color": "#ef42de",
          "vote_round": 1
        },
        {
          "voter": "Carl",
          "voter_id": "US0548",
          "voter_color": "#42bbef",
          "target": "Dan",
          "target_id": "US0546",
          "target_color": "#56dbb3",
          "vote_round": 1
        },
        {
          "voter": "Gabby",
          "voter_id": "US0549",
          "voter_color": "#2863bd",
          "target": "Dan",
          "target_id": "US0546",
          "target_color": "#56dbb3",
          "vote_round": 1
        },
        {
          "voter": "Christian",
          "voter_id": "US0550",
          "voter_color": "#4c5be5",
          "target": "Dan",
          "target_id": "US0546",
          "target_color": "#56dbb3",
          "vote_round": 1
        },
        {
          "voter": "Davie",
          "voter_id": "US0551",
          "voter_color": "#3811d4",
          "target": "Dan",
          "target_id": "US0546",
          "target_color": "#56dbb3",
          "vote_round": 1
        },
        {
          "voter": "Kara",
          "voter_id": "US0553",
          "voter_color": "#a61cc8",
          "target": "Angelina",
          "target_id": "US0554",
          "target_color": "#ef42de",
          "vote_round": 1
        },
        {
          "voter": "Angelina",
          "voter_id": "US0554",
          "voter_color": "#ef42de",
          "target": "Christian",
          "target_id": "US0550",
          "target_color": "#4c5be5",
          "vote_round": 1
        },
        {
          "voter": "Mike",
          "voter_id": "US0555",
          "voter_color": "#bd2881",
          "target": "Christian",
          "target_id": "US0550",
          "target_color": "#4c5be5",
          "vote_round": 1
        },
        {
          "voter": "Nick",
          "voter_id": "US0556",
          "voter_color": "#e54c7a",
          "target": "Dan",
          "target_id": "US0546",
          "target_color": "#56dbb3",
          "vote_round": 1
        }
      ],
      "had_revote": false
    },
    {
      "tc_number": 9,
      "episode": 10,
      "day": 28,
      "sog_id": 11,
      "tribe": "Kalokalo",
      "tribe_color": "#93D2FF",
      "tribe_status": "Merged",
      "eliminated": "Alec",
      "eliminated_id": "US0547",
      "eliminated_color": "#1cc8c8",
      "elimination_type": "voted_out",
      "votes": [
        {
          "voter": "Alec",
          "voter_id": "US0547",
          "voter_color": "#1cc8c8",
          "target": "Carl",
          "target_id": "US0548",
          "target_color": "#42bbef",
          "vote_round": 1
        },
        {
          "voter": "Carl",
          "voter_id": "US0548",
          "voter_color": "#42bbef",
          "target": "Alec",
          "target_id": "US0547",
          "target_color": "#1cc8c8",
          "vote_round": 1
        },
        {
          "voter": "Gabby",
          "voter_id": "US0549",
          "voter_color": "#2863bd",
          "target": "Alec",
          "target_id": "US0547",
          "target_color": "#1cc8c8",
          "vote_round": 1
        },
        {
          "voter": "Christian",
          "voter_id": "US0550",
          "voter_color": "#4c5be5",
          "target": "Alec",
          "target_id": "US0547",
          "target_color": "#1cc8c8",
          "vote_round": 1
        },
        {
          "voter": "Davie",
          "voter_id": "US0551",
          "voter_color": "#3811d4",
          "target": "Alec",
          "target_id": "US0547",
          "target_color": "#1cc8c8",
          "vote_round": 1
        },
        {
          "voter": "Alison",
          "voter_id": "US0552",
          "voter_color": "#9856db",
          "target": "Alec",
          "target_id": "US0547",
          "target_color": "#1cc8c8",
          "vote_round": 1
        },
        {
          "voter": "Kara",
          "voter_id": "US0553",
          "voter_color": "#a61cc8",
          "target": "Alec",
          "target_id": "US0547",
          "target_color": "#1cc8c8",
          "vote_round": 1
        },
        {
          "voter": "Angelina",
          "voter_id": "US0554",
          "voter_color": "#ef42de",
          "target": "Alec",
          "target_id": "US0547",
          "target_color": "#1cc8c8",
          "vote_round": 1
        },
        {
          "voter": "Mike",
          "voter_id": "US0555",
          "voter_color": "#bd2881",
          "target": "Alec",
          "target_id": "US0547",
          "target_color": "#1cc8c8",
          "vote_round": 1
        },
        {
          "voter": "Nick",
          "voter_id": "US0556",
          "voter_color": "#e54c7a",
          "target": "Alec",
          "target_id": "US0547",
          "target_color": "#1cc8c8",
          "vote_round": 1
        }
      ],
      "had_revote": false
    },
    {
      "tc_number": 10,
      "episode": 10,
      "day": 30,
      "sog_id": 12,
      "tribe": "Kalokalo",
      "tribe_color": "#93D2FF",
      "tribe_status": "Merged",
      "eliminated": "Carl",
      "eliminated_id": "US0548",
      "eliminated_color": "#42bbef",
      "elimination_type": "voted_out",
      "votes": [
        {
          "voter": "Carl",
          "voter_id": "US0548",
          "voter_color": "#42bbef",
          "target": "Alison",
          "target_id": "US0552",
          "target_color": "#9856db",
          "vote_round": 1
        },
        {
          "voter": "Gabby",
          "voter_id": "US0549",
          "voter_color": "#2863bd",
          "target": "Carl",
          "target_id": "US0548",
          "target_color": "#42bbef",
          "vote_round": 1
        },
        {
          "voter": "Christian",
          "voter_id": "US0550",
          "voter_color": "#4c5be5",
          "target": "Carl",
          "target_id": "US0548",
          "target_color": "#42bbef",
          "vote_round": 1
        },
        {
          "voter": "Davie",
          "voter_id": "US0551",
          "voter_color": "#3811d4",
          "target": "Alison",
          "target_id": "US0552",
          "target_color": "#9856db",
          "vote_round": 1
        },
        {
          "voter": "Alison",
          "voter_id": "US0552",
          "voter_color": "#9856db",
          "target": "Carl",
          "target_id": "US0548",
          "target_color": "#42bbef",
          "vote_round": 1
        },
        {
          "voter": "Kara",
          "voter_id": "US0553",
          "voter_color": "#a61cc8",
          "target": "Carl",
          "target_id": "US0548",
          "target_color": "#42bbef",
          "vote_round": 1
        },
        {
          "voter": "Angelina",
          "voter_id": "US0554",
          "voter_color": "#ef42de",
          "target": "Alison",
          "target_id": "US0552",
          "target_color": "#9856db",
          "vote_round": 1
        },
        {
          "voter": "Mike",
          "voter_id": "US0555",
          "voter_color": "#bd2881",
          "target": "Carl",
          "target_id": "US0548",
          "target_color": "#42bbef",
          "vote_round": 1
        },
        {
          "voter": "Nick",
          "voter_id": "US0556",
          "voter_color": "#e54c7a",
          "target": "Alison",
          "target_id": "US0552",
          "target_color": "#9856db",
          "vote_round": 1
        }
      ],
      "had_revote": false
    },
    {
      "tc_number": 11,
      "episode": 11,
      "day": 32,
      "sog_id": 13,
      "tribe": "Kalokalo",
      "tribe_color": "#93D2FF",
      "tribe_status": "Merged",
      "eliminated": "Gabby",
      "eliminated_id": "US0549",
      "eliminated_color": "#2863bd",
      "elimination_type": "voted_out",
      "votes": [
        {
          "voter": "Gabby",
          "voter_id": "US0549",
          "voter_color": "#2863bd",
          "target": "Christian",
          "target_id": "US0550",
          "target_color": "#4c5be5",
          "vote_round": 1
        },
        {
          "voter": "Christian",
          "voter_id": "US0550",
          "voter_color": "#4c5be5",
          "target": "Alison",
          "target_id": "US0552",
          "target_color": "#9856db",
          "vote_round": 1
        },
        {
          "voter": "Davie",
          "voter_id": "US0551",
          "voter_color": "#3811d4",
          "target": "Christian",
          "target_id": "US0550",
          "target_color": "#4c5be5",
          "vote_round": 1
        },
        {
          "voter": "Alison",
          "voter_id": "US0552",
          "voter_color": "#9856db",
          "target": "Christian",
          "target_id": "US0550",
          "target_color": "#4c5be5",
          "vote_round": 1
        },
        {
          "voter": "Kara",
          "voter_id": "US0553",
          "voter_color": "#a61cc8",
          "target": "Christian",
          "target_id": "US0550",
          "target_color": "#4c5be5",
          "vote_round": 1
        },
        {
          "voter": "Angelina",
          "voter_id": "US0554",
          "voter_color": "#ef42de",
          "target": "Gabby",
          "target_id": "US0549",
          "target_color": "#2863bd",
          "vote_round": 1
        },
        {
          "voter": "Mike",
          "voter_id": "US0555",
          "voter_color": "#bd2881",
          "target": "Gabby",
          "target_id": "US0549",
          "target_color": "#2863bd",
          "vote_round": 1
        },
        {
          "voter": "Nick",
          "voter_id": "US0556",
          "voter_color": "#e54c7a",
          "target": "Christian",
          "target_id": "US0550",
          "target_color": "#4c5be5",
          "vote_round": 1
        }
      ],
      "had_revote": false
    },
    {
      "tc_number": 12,
      "episode": 12,
      "day": 35,
      "sog_id": 14,
      "tribe": "Kalokalo",
      "tribe_color": "#93D2FF",
      "tribe_status": "Merged",
      "eliminated": "Christian",
      "eliminated_id": "US0550",
      "eliminated_color": "#4c5be5",
      "elimination_type": "voted_out",
      "votes": [
        {
          "voter": "Christian",
          "voter_id": "US0550",
          "voter_color": "#4c5be5",
          "target": "Alison",
          "target_id": "US0552",
          "target_color": "#9856db",
          "vote_round": 1
        },
        {
          "voter": "Davie",
          "voter_id": "US0551",
          "voter_color": "#3811d4",
          "target": "Alison",
          "target_id": "US0552",
          "target_color": "#9856db",
          "vote_round": 1
        },
        {
          "voter": "Alison",
          "voter_id": "US0552",
          "voter_color": "#9856db",
          "target": "Davie",
          "target_id": "US0551",
          "target_color": "#3811d4",
          "vote_round": 1
        },
        {
          "voter": "Kara",
          "voter_id": "US0553",
          "voter_color": "#a61cc8",
          "target": "Christian",
          "target_id": "US0550",
          "target_color": "#4c5be5",
          "vote_round": 1
        },
        {
          "voter": "Angelina",
          "voter_id": "US0554",
          "voter_color": "#ef42de",
          "target": "Christian",
          "target_id": "US0550",
          "target_color": "#4c5be5",
          "vote_round": 1
        },
        {
          "voter": "Mike",
          "voter_id": "US0555",
          "voter_color": "#bd2881",
          "target": "Davie",
          "target_id": "US0551",
          "target_color": "#3811d4",
          "vote_round": 1
        },
        {
          "voter": "Nick",
          "voter_id": "US0556",
          "voter_color": "#e54c7a",
          "target": "Christian",
          "target_id": "US0550",
          "target_color": "#4c5be5",
          "vote_round": 1
        }
      ],
      "had_revote": false
    },
    {
      "tc_number": 13,
      "episode": 13,
      "day": 36,
      "sog_id": 15,
      "tribe": "Kalokalo",
      "tribe_color": "#93D2FF",
      "tribe_status": "Merged",
      "eliminated": "Davie",
      "eliminated_id": "US0551",
      "eliminated_color": "#3811d4",
      "elimination_type": "voted_out",
      "votes": [
        {
          "voter": "Davie",
          "voter_id": "US0551",
          "voter_color": "#3811d4",
          "target": "Alison",
          "target_id": "US0552",
          "target_color": "#9856db",
          "vote_round": 1
        },
        {
          "voter": "Alison",
          "voter_id": "US0552",
          "voter_color": "#9856db",
          "target": "Davie",
          "target_id": "US0551",
          "target_color": "#3811d4",
          "vote_round": 1
        },
        {
          "voter": "Kara",
          "voter_id": "US0553",
          "voter_color": "#a61cc8",
          "target": "Davie",
          "target_id": "US0551",
          "target_color": "#3811d4",
          "vote_round": 1
        },
        {
          "voter": "Angelina",
          "voter_id": "US0554",
          "voter_color": "#ef42de",
          "target": "Davie",
          "target_id": "US0551",
          "target_color": "#3811d4",
          "vote_round": 1
        },
        {
          "voter": "Mike",
          "voter_id": "US0555",
          "voter_color": "#bd2881",
          "target": "Davie",
          "target_id": "US0551",
          "target_color": "#3811d4",
          "vote_round": 1
        },
        {
          "voter": "Nick",
          "voter_id": "US0556",
          "voter_color": "#e54c7a",
          "target": "Alison",
          "target_id": "US0552",
          "target_color": "#9856db",
          "vote_round": 1
        }
      ],
      "had_revote": false
    },
    {
      "tc_number": 14,
      "episode": 13,
      "day": 37,
      "sog_id": 16,
      "tribe": "Kalokalo",
      "tribe_color": "#93D2FF",
      "tribe_status": "Merged",
      "eliminated": "Alison",
      "eliminated_id": "US0552",
      "eliminated_color": "#9856db",
      "elimination_type": "voted_out",
      "votes": [
        {
          "voter": "Alison",
          "voter_id": "US0552",
          "voter_color": "#9856db",
          "target": "Mike",
          "target_id": "US0555",
          "target_color": "#bd2881",
          "vote_round": 1
        },
        {
          "voter": "Kara",
          "voter_id": "US0553",
          "voter_color": "#a61cc8",
          "target": "Alison",
          "target_id": "US0552",
          "target_color": "#9856db",
          "vote_round": 1
        },
        {
          "voter": "Angelina",
          "voter_id": "US0554",
          "voter_color": "#ef42de",
          "target": "Alison",
          "target_id": "US0552",
          "target_color": "#9856db",
          "vote_round": 1
        },
        {
          "voter": "Mike",
          "voter_id": "US0555",
          "voter_color": "#bd2881",
          "target": "Alison",
          "target_id": "US0552",
          "target_color": "#9856db",
          "vote_round": 1
        },
        {
          "voter": "Nick",
          "voter_id": "US0556",
          "voter_color": "#e54c7a",
          "target": "Alison",
          "target_id": "US0552",
          "target_color": "#9856db",
          "vote_round": 1
        }
      ],
      "had_revote": false
    },
    {
      "tc_number": 15,
      "episode": 13,
      "day": 38,
      "sog_id": 17,
      "tribe": "Kalokalo",
      "tribe_color": "#93D2FF",
      "tribe_status": "Merged",
      "eliminated": "Kara",
      "eliminated_id": "US0553",
      "eliminated_color": "#a61cc8",
      "elimination_type": "fire_challenge",
      "votes": [],
      "had_revote": false
    }
  ],
  "boot_order": [
    {
      "name": "Jessica",
      "id": "US0538",
      "color": "#e57a4c",
      "tc_number": 1,
      "placement": 2,
      "elimination_type": "voted_out"
    },
    {
      "name": "Jeremy",
      "id": "US0539",
      "color": "#d48611",
      "tc_number": 2,
      "placement": 3,
      "elimination_type": "voted_out"
    },
    {
      "name": "Natalia",
      "id": "US0541",
      "color": "#a6c81c",
      "tc_number": 3,
      "placement": 5,
      "elimination_type": "voted_out"
    },
    {
      "name": "Natalie",
      "id": "US0542",
      "color": "#99ef42",
      "tc_number": 4,
      "placement": 6,
      "elimination_type": "voted_out"
    },
    {
      "name": "Lyrsa",
      "id": "US0543",
      "color": "#45bd28",
      "tc_number": 5,
      "placement": 7,
      "elimination_type": "voted_out"
    },
    {
      "name": "Elizabeth",
      "id": "US0544",
      "color": "#4ce55b",
      "tc_number": 6,
      "placement": 8,
      "elimination_type": "voted_out"
    },
    {
      "name": "John",
      "id": "US0545",
      "color": "#11d45f",
      "tc_number": 7,
      "placement": 9,
      "elimination_type": "voted_out"
    },
    {
      "name": "Dan",
      "id": "US0546",
      "color": "#56dbb3",
      "tc_number": 8,
      "placement": 10,
      "elimination_type": "voted_out"
    },
    {
      "name": "Alec",
      "id": "US0547",
      "color": "#1cc8c8",
      "tc_number": 9,
      "placement": 11,
      "elimination_type": "voted_out"
    },
    {
      "name": "Carl",
      "id": "US0548",
      "color": "#42bbef",
      "tc_number": 10,
      "placement": 12,
      "elimination_type": "voted_out"
    },
    {
      "name": "Gabby",
      "id": "US0549",
      "color": "#2863bd",
      "tc_number": 11,
      "placement": 13,
      "elimination_type": "voted_out"
    },
    {
      "name": "Christian",
      "id": "US0550",
      "color": "#4c5be5",
      "tc_number": 12,
      "placement": 14,
      "elimination_type": "voted_out"
    },
    {
      "name": "Davie",
      "id": "US0551",
      "color": "#3811d4",
      "tc_number": 13,
      "placement": 15,
      "elimination_type": "voted_out"
    },
    {
      "name": "Alison",
      "id": "US0552",
      "color": "#9856db",
      "tc_number": 14,
      "placement": 16,
      "elimination_type": "voted_out"
    },
    {
      "name": "Kara",
      "id": "US0553",
      "color": "#a61cc8",
      "tc_number": 15,
      "placement": 17,
      "elimination_type": "fire_challenge"
    },
    {
      "name": "Angelina",
      "id": "US0554",
      "color": "#ef42de",
      "tc_number": 16,
      "placement": 18,
      "elimination_type": "FTC",
      "ftc_votes": 0
    },
    {
      "name": "Mike",
      "id": "US0555",
      "color": "#bd2881",
      "tc_number": 16,
      "placement": 19,
      "elimination_type": "FTC",
      "ftc_votes": 3
    },
    {
      "name": "Nick",
      "id": "US0556",
      "color": "#e54c7a",
      "tc_number": 16,
      "placement": 20,
      "elimination_type": "FTC",
      "ftc_votes": 7
    }
  ],
  "ftc": {
    "finalists": [
      {
        "id": "US0554",
        "name": "Angelina",
        "color": "#ef42de",
        "votes_received": 0
      },
      {
        "id": "US0555",
        "name": "Mike",
        "color": "#bd2881",
        "votes_received": 3
      },
      {
        "id": "US0556",
        "name": "Nick",
        "color": "#e54c7a",
        "votes_received": 7
      }
    ],
    "jury_votes": [
      {
        "juror_id": "US0552",
        "juror_name": "Alison",
        "juror_color": "#9856db",
        "voted_for_id": "US0555",
        "voted_for_name": "Mike",
        "voted_for_color": "#bd2881",
        "alignment_pct": 77.8,
        "eligible_votes": 9,
        "aligned_votes": 7,
        "finalist_helped_eliminate": true
      },
      {
        "juror_id": "US0550",
        "juror_name": "Christian",
        "juror_color": "#4c5be5",
        "voted_for_id": "US0555",
        "voted_for_name": "Mike",
        "voted_for_color": "#bd2881",
        "alignment_pct": 42.9,
        "eligible_votes": 7,
        "aligned_votes": 3,
        "finalist_helped_eliminate": true
      },
      {
        "juror_id": "US0553",
        "juror_name": "Kara",
        "juror_color": "#a61cc8",
        "voted_for_id": "US0555",
        "voted_for_name": "Mike",
        "voted_for_color": "#bd2881",
        "alignment_pct": 70.0,
        "eligible_votes": 10,
        "aligned_votes": 7,
        "finalist_helped_eliminate": true
      },
      {
        "juror_id": "US0547",
        "juror_name": "Alec",
        "juror_color": "#1cc8c8",
        "voted_for_id": "US0556",
        "voted_for_name": "Nick",
        "voted_for_color": "#e54c7a",
        "alignment_pct": 25.0,
        "eligible_votes": 4,
        "aligned_votes": 1,
        "finalist_helped_eliminate": true
      },
      {
        "juror_id": "US0548",
        "juror_name": "Carl",
        "juror_color": "#42bbef",
        "voted_for_id": "US0556",
        "voted_for_name": "Nick",
        "voted_for_color": "#e54c7a",
        "alignment_pct": 66.7,
        "eligible_votes": 6,
        "aligned_votes": 4,
        "finalist_helped_eliminate": true
      },
      {
        "juror_id": "US0546",
        "juror_name": "Dan",
        "juror_color": "#56dbb3",
        "voted_for_id": "US0556",
        "voted_for_name": "Nick",
        "voted_for_color": "#e54c7a",
        "alignment_pct": 33.3,
        "eligible_votes": 3,
        "aligned_votes": 1,
        "finalist_helped_eliminate": true
      },
      {
        "juror_id": "US0551",
        "juror_name": "Davie",
        "juror_color": "#3811d4",
        "voted_for_id": "US0556",
        "voted_for_name": "Nick",
        "voted_for_color": "#e54c7a",
        "alignment_pct": 77.8,
        "eligible_votes": 9,
        "aligned_votes": 7,
        "finalist_helped_eliminate": true
      },
      {
        "juror_id": "US0544",
        "juror_name": "Elizabeth",
        "juror_color": "#4ce55b",
        "voted_for_id": "US0556",
        "voted_for_name": "Nick",
        "voted_for_color": "#e54c7a",
        "alignment_pct": 50.0,
        "eligible_votes": 2,
        "aligned_votes": 1,
        "finalist_helped_eliminate": true
      },
      {
        "juror_id": "US0549",
        "juror_name": "Gabby",
        "juror_color": "#2863bd",
        "voted_for_id": "US0556",
        "voted_for_name": "Nick",
        "voted_for_color": "#e54c7a",
        "alignment_pct": 71.4,
        "eligible_votes": 7,
        "aligned_votes": 5,
        "finalist_helped_eliminate": true
      },
      {
        "juror_id": "US0545",
        "juror_name": "John",
        "juror_color": "#11d45f",
        "voted_for_id": "US0556",
        "voted_for_name": "Nick",
        "voted_for_color": "#e54c7a",
        "alignment_pct": 50.0,
        "eligible_votes": 2,
        "aligned_votes": 1,
        "finalist_helped_eliminate": true
      }
    ]
  }
}