"version","version_season","season","castaway_id","castaway","episode","day","order","result"
"US","US49",49,"US0744","Nicole",1,2,1,"1st voted out"
"US","US49",49,"US0735","Annie",2,5,2,"2nd voted out"
"US","US49",49,"US0736","Jake",3,6,3,"Medically evacuated"
"US","US49",49,"US0739","Jeremiah",3,7,4,"3rd voted out"
"US","US49",49,"US0741","Matt",4,8,5,"4th voted out"
"US","US49",49,"US0737","Jason",5,10,6,"5th voted out"
"US","US49",49,"US0748","Shannon",6,12,7,"6th voted out"
"US","US49",49,"US0743","Nate",7,14,8,"7th voted out"
"US","US49",49,"US0742","MC",8,15,9,"8th voted out"
"US","US49",49,"US0734","Alex",9,17,11,"9th voted out"
"US","US49",49,"US0738","Jawan",10,19,12,"10th voted out"
"US","US49",49,"US0750","Sophie",11,21,13,"11th voted out"
"US","US49",49,"US0751","Steven",12,23,14,"12th voted out"
"US","US49",49,"US0740","Kristina",13,24,15,"13th voted out"
"US","US49",49,"US0745","Rizo",13,25,16,"Lost final 4 fire challenge"
"US","US49",49,"US0746","Sage",13,16,17,"2nd runner-up"
"US","US49",49,"US0749","Sophi",13,16,18,"Runner-up"
"US","US49",49,"US0747","Savannah",13,16,19,"Sole Survivor"
"US","US48",48,"US0732","Stephanie",1,2,1,"1st voted out"
"US","US48",48,"US0725","Kevin",2,5,2,"2nd voted out"
"US","US48",48,"US0723","Justin",3,7,3,"3rd voted out"
"US","US48",48,"US0733","Thomas",4,9,4,"4th voted out"
"US","US48",48,"US0716","Bianca",5,11,5,"5th voted out"
"US","US48",48,"US0718","Charity",6,13,6,"6th voted out"
"US","US48",48,"US0729","Sai",7,14,7,"7th voted out"
"US","US48",48,"US0717","Cedrek",7,14,8,"8th voted out"
"US","US48",48,"US0719","Chrissy",8,15,9,"9th voted out"
"US","US48",48,"US0720","David",9,17,10,"10th voted out"
"US","US48",48,"US0731","Star",10,19,11,"11th voted out"
"US","US48",48,"US0727","Mary",11,21,12,"12th voted out"
"US","US48",48,"US0730","Shauhin",12,23,13,"13th voted out"
"US","US48",48,"US0728","Mitch",13,24,14,"14th voted out"
"US","US48",48,"US0724","Kamilla",13,25,15,"Eliminated"
"US","US48",48,"US0722","Joe",13,26,16,"2nd runner-up"
"US","US48",48,"US0721","Eva",13,26,17,"Runner-up"
"US","US48",48,"US0726","Kyle",13,26,18,"Sole Survivor"
"US","US47",47,"US0704","Jon",1,3,1,"1st voted out"
"US","US47",47,"US0715","TK",2,5,2,"2nd voted out"
"US","US47",47,"US0700","Aysha",3,7,3,"3rd voted out"
"US","US47",47,"US0705","Kishan",4,8,4,"4th voted out"
"US","US47",47,"US0699","Anika",5,10,5,"5th voted out"
"US","US47",47,"US0708","Rome",6,12,6,"6th voted out"
"US","US47",47,"US0714","Tiyana",7,13,7,"7th voted out"
"US","US47",47,"US0710","Sierra",8,15,8,"8th voted out"
"US","US47",47,"US0711","Sol",9,16,9,"9th voted out"
"US","US47",47,"US0702","Gabe",10,18,10,"10th voted out"
"US","US47",47,"US0706","Kyle",11,20,11,"11th voted out"
"US","US47",47,"US0701","Caroline",12,22,12,"12th voted out"
"US","US47",47,"US0698","Andy",13,23,13,"13th voted out"
"US","US47",47,"US0703","Genevieve",13,24,14,"14th voted out"
"US","US47",47,"US0713","Teeny",14,25,15,"Eliminated"
"US","US47",47,"US0712","Sue",14,26,16,"2nd runner-up"
"US","US47",47,"US0709","Sam",14,26,17,"Runner-up"
"US","US47",47,"US0707","Rachel",14,26,18,"Sole Survivor"
"US","US46",46,"US0683","Jelinsky",1,3,1,"1st voted out"
"US","US46",46,"US0686","Jess",2,5,2,"2nd voted out"
"US","US46",46,"US0692","Randen",3,7,3,"Medically evacuated"
"US","US46",46,"US0681","Bhanu",4,9,4,"3rd voted out"
"US","US46",46,"US0685","Jem",5,11,5,"4th voted out"
"US","US46",46,"US0690","Moriah",6,13,6,"5th voted out"
"US","US46",46,"US0696","Tim",7,14,7,"6th voted out"
"US","US46",46,"US0693","Soda",7,14,8,"7th voted out"
"US","US46",46,"US0694","Tevin",8,16,9,"8th voted out"
"US","US46",46,"US0684","Hunter",9,17,10,"9th voted out"
"US","US46",46,"US0695","Tiffany",10,19,11,"10th voted out"
"US","US46",46,"US0697","Venus",11,21,12,"11th voted out"
"US","US46",46,"US0691","Q",12,23,13,"12th voted out"
"US","US46",46,"US0689","Maria",13,24,14,"13th voted out"
"US","US46",46,"US0688","Liz",13,25,15,"Lost final 4 fire challenge"
"US","US46",46,"US0680","Ben",13,26,16,"2nd runner-up"
"US","US46",46,"US0682","Charlie",13,26,17,"Runner-up"
"US","US46",46,"US0687","Kenzie",13,26,18,"Sole Survivor"
"US","US45",45,"US0669","Hannah",1,3,1,"Quit"
"US","US45",45,"US0665","Brandon",2,5,2,"1st voted out"
"US","US45",45,"US0677","Sabiyah",3,7,3,"2nd voted out"
"US","US45",45,"US0678","Sean",4,9,4,"3rd voted out; Quit"
"US","US45",45,"US0664","Brando",5,11,5,"4th voted out"
"US","US45",45,"US0670","J. Maya",6,13,6,"5th voted out"
"US","US45",45,"US0679","Sifu",7,14,7,"6th voted out"
"US","US45",45,"US0673","Kaleb",7,14,8,"7th voted out"
"US","US45",45,"US0675","Kellie",8,16,9,"8th voted out"
"US","US45",45,"US0676","Kendra",9,17,10,"9th voted out"
"US","US45",45,"US0657","Bruce",10,19,11,"10th voted out"
"US","US45",45,"US0668","Emily",11,21,12,"11th voted out"
"US","US45",45,"US0667","Drew",12,23,13,"12th voted out"
"US","US45",45,"US0672","Julie",13,24,14,"13th voted out"
"US","US45",45,"US0674","Katurah",13,25,15,"Lost final 4 fire challenge"
"US","US45",45,"US0671","Jake",13,26,16,"2nd runner-up"
"US","US45",45,"US0663","Austin",13,26,17,"Runner-up"
"US","US45",45,"US0666","Dee",13,26,18,"Sole Survivor"
"US","US44",44,"US0657","Bruce",1,1,1,"Medically evacuated"
"US","US44",44,"US0649","Maddy",1,3,2,"1st voted out"
"US","US44",44,"US0660","Helen",2,5,3,"2nd voted out"
"US","US44",44,"US0651","Claire",3,7,4,"3rd voted out"
"US","US44",44,"US0661","Sarah",4,9,5,"4th voted out"
"US","US44",44,"US0650","Matthew",5,11,6,"Medically evacuated"
"US","US44",44,"US0655","Josh",6,13,7,"5th voted out"
"US","US44",44,"US0656","Matt",7,14,8,"6th voted out"
"US","US44",44,"US0645","Brandon",8,15,9,"7th voted out"
"US","US44",44,"US0647","Kane",9,17,10,"8th voted out"
"US","US44",44,"US0653","Frannie",10,19,11,"9th voted out"
"US","US44",44,"US0652","Danny",11,21,12,"10th voted out"
"US","US44",44,"US0646","Jaime",12,23,13,"11th voted out"
"US","US44",44,"US0648","Lauren",13,24,14,"12th voted out"
"US","US44",44,"US0659","Carson",13,25,15,"Lost final 4 fire challenge"
"US","US44",44,"US0658","Carolyn",13,26,16,"2nd runner-up"
"US","US44",44,"US0654","Heidi",13,26,17,"Runner-up"
"US","US44",44,"US0662","Yam Yam",13,26,18,"Sole Survivor"
"US","US43",43,"US0639","Morriah",1,3,1,"1st voted out"
"US","US43",43,"US0635","Justine",2,5,2,"2nd voted out"
"US","US43",43,"US0640","Nneka",3,7,3,"3rd voted out"
"US","US43",43,"US0637","Lindsay",4,9,4,"4th voted out"
"US","US43",43,"US0631","Geo",5,11,5,"5th voted out"
"US","US43",43,"US0630","Elie",6,13,6,"6th voted out"
"US","US43",43,"US0629","Dwight",7,14,7,"7th voted out"
"US","US43",43,"US0633","Jeanine",8,16,8,"8th voted out"
"US","US43",43,"US0632","James",9,17,9,"9th voted out"
"US","US43",43,"US0643","Ryan",9,17,10,"10th voted out"
"US","US43",43,"US0641","Noelle",10,19,11,"11th voted out"
"US","US43",43,"US0644","Sami",11,21,12,"12th voted out"
"US","US43",43,"US0628","Cody",12,23,13,"13th voted out"
"US","US43",43,"US0636","Karla",13,24,14,"14th voted out"
"US","US43",43,"US0634","Jesse",13,25,15,"Lost final 4 fire challenge"
"US","US43",43,"US0642","Owen",13,26,16,"2nd runner-up"
"US","US43",43,"US0627","Cassidy",13,26,17,"Runner-up"
"US","US43",43,"US0638","Gabler",13,26,18,"Sole Survivor"
"US","US42",42,"US0613","Jackson",1,3,1,"Medically evacuated"
"US","US42",42,"US0626","Zach",1,3,2,"1st voted out"
"US","US42",42,"US0618","Marya",2,5,3,"2nd voted out"
"US","US42",42,"US0614","Jenny",3,7,4,"3rd voted out"
"US","US42",42,"US0624","Swati",4,9,5,"4th voted out"
"US","US42",42,"US0610","Daniel",5,11,6,"5th voted out"
"US","US42",42,"US0617","Lydia",7,14,7,"6th voted out"
"US","US42",42,"US0609","Chanelle",8,16,8,"7th voted out"
"US","US42",42,"US0622","Rocksroy",9,17,9,"8th voted out"
"US","US42",42,"US0625","Tori",9,17,10,"9th voted out"
"US","US42",42,"US0612","Hai",10,19,11,"10th voted out"
"US","US42",42,"US0611","Drea",11,21,12,"11th voted out"
"US","US42",42,"US0621","Omar",12,23,13,"12th voted out"
"US","US42",42,"US0616","Lindsay",13,24,14,"13th voted out"
"US","US42",42,"US0615","Jonathan",13,25,15,"Lost final 4 fire challenge"
"US","US42",42,"US0623","Romeo",13,26,16,"2nd runner-up"
"US","US42",42,"US0620","Mike",13,26,17,"Runner-up"
"US","US42",42,"US0619","Maryanne",13,26,18,"Sole Survivor"
"US","US41",41,"US0591","Abraham",1,3,1,"1st voted out"
"US","US41",41,"US0592","Sara",1,3,2,"2nd voted out"
"US","US41",41,"US0607","Voce",2,5,3,"3rd voted out"
"US","US41",41,"US0602","Brad",3,7,4,"4th voted out"
"US","US41",41,"US0603","JD",4,9,5,"5th voted out"
"US","US41",41,"US0595","Genie",5,11,6,"6th voted out"
"US","US41",41,"US0605","Sydney",7,14,7,"7th voted out"
"US","US41",41,"US0604","Tiffany",8,16,8,"8th voted out"
"US","US41",41,"US0600","Naseer",9,17,9,"9th voted out"
"US","US41",41,"US0598","Evvie",9,17,10,"10th voted out"
"US","US41",41,"US0606","Shan",10,19,11,"11th voted out"
"US","US41",41,"US0608","Liana",11,21,12,"12th voted out"
"US","US41",41,"US0599","Danny",12,23,13,"13th voted out"
"US","US41",41,"US0596","Ricard",13,24,14,"14th voted out"
"US","US41",41,"US0593","Heather",13,25,15,"Lost final 4 fire challenge"
"US","US41",41,"US0597","Xander",13,26,16,"2nd runner-up"
"US","US41",41,"US0601","Deshawn",13,26,17,"Runner-up"
"US","US41",41,"US0594","Erika",13,26,18,"Sole Survivor"
"US","US40",40,"US0442","Natalie",1,2,1,"1st voted out"
"US","US40",40,"US0027","Amber",1,3,2,"2nd voted out"
"US","US40",40,"US0166","Danni",2,6,3,"3rd voted out"
"US","US40",40,"US0048","Ethan",3,9,4,"4th voted out"
"US","US40",40,"US0274","Tyson",4,11,5,"5th voted out"
"US","US40",40,"US0055","Boston Rob",5,14,6,"6th voted out"
"US","US40",40,"US0197","Parvati",6,16,7,"7th voted out"
"US","US40",40,"US0112","Sandra",6,16,8,"8th voted out; Quit EoE"
"US","US40",40,"US0202","Yul",7,18,9,"9th voted out"
"US","US40",40,"US0536","Wendell",8,21,10,"10th voted out"
"US","US40",40,"US0498","Adam",9,23,11,"11th voted out"
"US","US40",40,"US0274","Tyson",10,25,12,"12th voted out"
"US","US40",40,"US0353","Sophie",11,28,13,"13th voted out"
"US","US40",40,"US0371","Kim",12,29,14,"14th voted out"
"US","US40",40,"US0433","Jeremy",13,31,15,"15th voted out"
"US","US40",40,"US0556","Nick",13,34,16,"16th voted out"
"US","US40",40,"US0386","Denise",14,36,17,"17th voted out"
"US","US40",40,"US0516","Ben",14,37,18,"18th voted out"
"US","US40",40,"US0414","Sarah",14,38,19,"Lost final 4 fire challenge"
"US","US40",40,"US0478","Michele",14,39,20,"2nd runner-up"
"US","US40",40,"US0442","Natalie",14,39,21,"Runner-up"
"US","US40",40,"US0424","Tony",14,39,22,"Sole Survivor"
"US","US39",39,"US0571","Ronnie",1,3,1,"1st voted out"
"US","US39",39,"US0572","Molly",2,6,2,"2nd voted out"
"US","US39",39,"US0573","Vince",3,8,3,"3rd voted out"
"US","US39",39,"US0574","Chelsea",4,11,4,"4th voted out"
"US","US39",39,"US0575","Tom",5,14,5,"5th voted out"
"US","US39",39,"US0576","Jason",6,16,6,"6th voted out"
"US","US39",39,"US0577","Jack",7,19,7,"7th voted out"
"US","US39",39,"US0578","Kellee",8,22,8,"8th voted out"
"US","US39",39,"US0579","Jamal",8,24,9,"9th voted out"
"US","US39",39,"US0580","Aaron",9,27,10,"10th voted out"
"US","US39",39,"US0581","Missy",9,27,11,"11th voted out"
"US","US39",39,"US0582","Elizabeth",10,30,12,"12th voted out"
"US","US39",39,"US0583","Karishma",11,32,13,"13th voted out"
"US","US39",39,"US0584","Elaine",12,35,14,"14th voted out"
"US","US39",39,"US0585","Dan",13,36,15,"Ejected"
"US","US39",39,"US0586","Janet",13,37,16,"15th voted out"
"US","US39",39,"US0587","Lauren",13,38,17,"Lost final 4 fire challenge"
"US","US39",39,"US0588","Noura",13,39,18,"2nd runner-up"
"US","US39",39,"US0589","Dean",13,39,19,"Runner-up"
"US","US39",39,"US0590","Tommy",13,39,20,"Sole Survivor"
"US","US38",38,"US0557","Reem",1,3,1,"1st voted out"
"US","US38",38,"US0558","Keith",2,6,2,"2nd voted out; Quit EoE"
"US","US38",38,"US0559","Chris",3,8,3,"3rd voted out"
"US","US38",38,"US0560","Rick",4,11,4,"4th voted out"
"US","US38",38,"US0477","Aubry",5,13,5,"5th voted out"
"US","US38",38,"US0561","Wendy",5,16,6,"6th voted out; Quit EoE"
"US","US38",38,"US0451","Joe",6,19,7,"7th voted out"
"US","US38",38,"US0562","Eric",7,22,8,"8th voted out"
"US","US38",38,"US0563","Julia",8,23,9,"9th voted out"
"US","US38",38,"US0495","David",9,25,10,"10th voted out"
"US","US38",38,"US0429","Kelley",9,27,11,"11th voted out"
"US","US38",38,"US0564","Wardog",10,29,12,"12th voted out"
"US","US38",38,"US0565","Ron",11,31,13,"13th voted out"
"US","US38",38,"US0566","Aurora",12,34,14,"14th voted out"
"US","US38",38,"US0567","Victoria",13,36,15,"15th voted out"
"US","US38",38,"US0568","Lauren",13,37,16,"16th voted out"
"US","US38",38,"US0560","Rick",13,38,17,"Lost final 4 fire challenge"
"US","US38",38,"US0569","Julie",13,39,18,"2nd runner-up"
"US","US38",38,"US0570","Gavin",13,39,19,"Runner-up"
"US","US38",38,"US0559","Chris",13,39,20,"Sole Survivor"
"US","US37",37,"US0537","Pat",1,3,1,"Medically evacuated"
"US","US37",37,"US0538","Jessica",2,6,2,"1st voted out"
"US","US37",37,"US0539","Jeremy",3,9,3,"2nd voted out"
"US","US37",37,"US0540","Bi",4,10,4,"Quit"
"US","US37",37,"US0541","Natalia",4,11,5,"3rd voted out"
"US","US37",37,"US0542","Natalie",5,15,6,"4th voted out"
"US","US37",37,"US0543","Lyrsa",6,17,7,"5th voted out"
"US","US37",37,"US0544","Elizabeth",7,20,8,"6th voted out"
"US","US37",37,"US0545","John",8,22,9,"7th voted out"
"US","US37",37,"US0546","Dan",9,25,10,"8th voted out"
"US","US37",37,"US0547","Alec",10,28,11,"9th voted out"
"US","US37",37,"US0548","Carl",10,30,12,"10th voted out"
"US","US37",37,"US0549","Gabby",11,32,13,"11th voted out"
"US","US37",37,"US0550","Christian",12,35,14,"12th voted out"
"US","US37",37,"US0551","Davie",13,36,15,"13th voted out"
"US","US37",37,"US0552","Alison",13,37,16,"14th voted out"
"US","US37",37,"US0553","Kara",13,38,17,"Lost final 4 fire challenge"
"US","US37",37,"US0554","Angelina",13,39,18,"2nd runner-up"
"US","US37",37,"US0555","Mike",13,39,19,"Runner-up"
"US","US37",37,"US0556","Nick",13,39,20,"Sole Survivor"
"US","US36",36,"US0517","Gonzalez",1,3,1,"1st voted out"
"US","US36",36,"US0518","Jacob",1,6,2,"2nd voted out"
"US","US36",36,"US0519","Morgan",2,9,3,"3rd voted out"
"US","US36",36,"US0520","Brendan",3,12,4,"4th voted out"
"US","US36",36,"US0521","Stephanie",4,14,5,"5th voted out"
"US","US36",36,"US0522","James",5,17,6,"6th voted out"
"US","US36",36,"US0523","Bradley",6,19,7,"7th voted out"
"US","US36",36,"US0524","Chris",7,22,8,"8th voted out"
"US","US36",36,"US0525","Libby",8,25,9,"9th voted out"
"US","US36",36,"US0526","Desiree",9,27,10,"10th voted out"
"US","US36",36,"US0527","Jenna",10,29,11,"11th voted out"
"US","US36",36,"US0528","Michael",10,29,12,"12th voted out"
"US","US36",36,"US0529","Chelsea",11,32,13,"13th voted out"
"US","US36",36,"US0530","Kellyn",12,35,14,"14th voted out"
"US","US36",36,"US0531","Sebastian",13,36,15,"15th voted out"
"US","US36",36,"US0532","Donathan",13,37,16,"16th voted out"
"US","US36",36,"US0533","Angela",13,38,17,"Lost final 4 fire challenge"
"US","US36",36,"US0534","Laurel",13,39,18,"2nd runner-up"
"US","US36",36,"US0535","Domenick",13,39,19,"Runner-up"
"US","US36",36,"US0536","Wendell",13,39,20,"Sole Survivor"
"US","US35",35,"US0499","Katrina",1,3,1,"1st voted out"
"US","US35",35,"US0500","Simone",2,6,2,"2nd voted out"
"US","US35",35,"US0501","Patrick",3,8,3,"3rd voted out"
"US","US35",35,"US0502","Alan",4,11,4,"4th voted out"
"US","US35",35,"US0503","Roark",5,14,5,"5th voted out"
"US","US35",35,"US0504","Ali",6,16,6,"6th voted out"
"US","US35",35,"US0505","Jessica",7,19,7,"7th voted out"
"US","US35",35,"US0506","Desi",8,21,8,"8th voted out"
"US","US35",35,"US0507","Cole",9,24,9,"9th voted out"
"US","US35",35,"US0508","JP",10,27,10,"10th voted out"
"US","US35",35,"US0509","Joe",10,30,11,"11th voted out"
"US","US35",35,"US0510","Lauren",11,33,12,"12th voted out"
"US","US35",35,"US0511","Ashley",12,36,13,"13th voted out"
"US","US35",35,"US0512","Mike",13,37,14,"14th voted out"
"US","US35",35,"US0513","Devon",13,38,15,"Lost final 4 fire challenge"
"US","US35",35,"US0514","Ryan",13,39,16,"2nd runner-up"
"US","US35",35,"US0515","Chrissy",13,39,17,"Runner-up"
"US","US35",35,"US0516","Ben",13,39,18,"Sole Survivor"
"US","US34",34,"US0406","Ciera",1,3,1,"1st voted out"
"US","US34",34,"US0424","Tony",1,6,2,"2nd voted out"
"US","US34",34,"US0464","Caleb",2,9,3,"3rd voted out"
"US","US34",34,"US0384","Malcolm",3,11,4,"4th voted out"
"US","US34",34,"US0281","J.T.",4,13,5,"5th voted out"
"US","US34",34,"US0112","Sandra",5,16,6,"6th voted out"
"US","US34",34,"US0023","Jeff",6,18,7,"7th voted out"
"US","US34",34,"US0450","Hali",7,21,8,"8th voted out"
"US","US34",34,"US0201","Ozzy",7,24,9,"9th voted out"
"US","US34",34,"US0470","Debbie",8,26,10,"10th voted out"
"US","US34",34,"US0490","Zeke",9,29,11,"11th voted out"
"US","US34",34,"US0456","Sierra",10,32,12,"12th voted out"
"US","US34",34,"US0333","Andrea",11,33,13,"13th voted out"
"US","US34",34,"US0485","Michaela",11,35,14,"14th voted out"
"US","US34",34,"US0179","Cirie",12,36,15,"Eliminated"
"US","US34",34,"US0477","Aubry",12,37,16,"15th voted out"
"US","US34",34,"US0476","Tai",12,38,17,"16th voted out"
"US","US34",34,"US0364","Troyzan",12,39,18,"2nd runner-up"
"US","US34",34,"US0401","Brad",12,39,19,"Runner-up"
"US","US34",34,"US0414","Sarah",12,39,20,"Sole Survivor"
"US","US33",33,"US0479","Rachel",1,4,1,"1st voted out"
"US","US33",33,"US0480","Mari",2,7,2,"2nd voted out"
"US","US33",33,"US0481","Paul",3,10,3,"3rd voted out"
"US","US33",33,"US0482","Lucy",4,12,4,"4th voted out"
"US","US33",33,"US0483","CeCe",5,15,5,"5th voted out"
"US","US33",33,"US0484","Figgy",6,18,6,"6th voted out"
"US","US33",33,"US0485","Michaela",7,20,7,"7th voted out"
"US","US33",33,"US0486","Michelle",8,23,8,"8th voted out"
"US","US33",33,"US0487","Taylor",9,25,9,"9th voted out"
"US","US33",33,"US0488","Chris",10,28,10,"10th voted out"
"US","US33",33,"US0489","Jessica",10,30,11,"Eliminated"
"US","US33",33,"US0490","Zeke",11,33,12,"12th voted out"
"US","US33",33,"US0491","Will",12,34,13,"13th voted out"
"US","US33",33,"US0492","Sunday",12,35,14,"14th voted out"
"US","US33",33,"US0493","Jay",13,36,15,"15th voted out"
"US","US33",33,"US0494","Bret",13,37,16,"16th voted out"
"US","US33",33,"US0495","David",13,38,17,"17th voted out"
"US","US33",33,"US0496","Hannah",13,39,18,"Runner-up"
"US","US33",33,"US0497","Ken",13,39,19,"Runner-up"
"US","US33",33,"US0498","Adam",13,39,20,"Sole Survivor"
"US","US32",32,"US0461","Darnell",1,3,1,"1st voted out"
"US","US32",32,"US0462","Jennifer",2,6,2,"2nd voted out"
"US","US32",32,"US0463","Liz",3,8,3,"3rd voted out"
"US","US32",32,"US0464","Caleb",4,9,4,"Medically evacuated"
"US","US32",32,"US0465","Alecia",4,11,5,"4th voted out"
"US","US32",32,"US0466","Anna",5,13,6,"5th voted out"
"US","US32",32,"US0467","Peter",6,16,7,"6th voted out"
"US","US32",32,"US0468","Neal",7,19,8,"Medically evacuated"
"US","US32",32,"US0469","Nick",8,22,9,"7th voted out"
"US","US32",32,"US0470","Debbie",9,24,10,"8th voted out"
"US","US32",32,"US0471","Scot",10,27,11,"9th voted out"
"US","US32",32,"US0472","Julia",11,29,12,"10th voted out"
"US","US32",32,"US0473","Jason",12,32,13,"11th voted out"
"US","US32",32,"US0474","Joe",13,34,14,"Medically evacuated"
"US","US32",32,"US0475","Cydney",14,37,15,"Lost fire challenge"
"US","US32",32,"US0476","Tai",14,39,16,"2nd runner-up"
"US","US32",32,"US0477","Aubry",14,39,17,"Runner-up"
"US","US32",32,"US0478","Michele",14,39,18,"Sole Survivor"
"US","US31",31,"US0402","Vytas",1,3,1,"1st voted out"
"US","US31",31,"US0453","Shirin",2,6,2,"2nd voted out"
"US","US31",31,"US0233","Peih-Gee",3,9,3,"3rd voted out"
"US","US31",31,"US0023","Jeff",4,11,4,"4th voted out"
"US","US31",31,"US0295","Monica",5,13,5,"5th voted out"
"US","US31",31,"US0180","Terry",5,13,6,"Withdrew"
"US","US31",31,"US0423","Woo",6,16,7,"6th voted out"
"US","US31",31,"US0422","Kass",7,19,8,"7th voted out"
"US","US31",31,"US0105","Andrew",8,21,9,"8th voted out"
"US","US31",31,"US0015","Kelly",9,24,10,"9th voted out"
"US","US31",31,"US0406","Ciera",10,26,11,"10th voted out"
"US","US31",31,"US0280","Stephen",11,29,12,"11th voted out"
"US","US31",31,"US0451","Joe",12,32,13,"12th voted out"
"US","US31",31,"US0383","Abi-Maria",13,35,14,"13th voted out"
"US","US31",31,"US0021","Kimmi",14,36,15,"14th voted out"
"US","US31",31,"US0439","Keith",14,37,16,"15th voted out"
"US","US31",31,"US0429","Kelley",14,38,17,"16th voted out"
"US","US31",31,"US0421","Spencer",14,39,18,"Runner-up"
"US","US31",31,"US0419","Tasha",14,39,19,"Runner-up"
"US","US31",31,"US0433","Jeremy",14,39,20,"Sole Survivor"
"US","US30",30,"US0443","So",1,3,1,"1st voted out"
"US","US30",30,"US0444","Vince",2,6,2,"2nd voted out"
"US","US30",30,"US0445","Nina",3,8,3,"3rd voted out"
"US","US30",30,"US0446","Lindsey",4,11,4,"4th voted out"
"US","US30",30,"US0447","Max",5,14,5,"5th voted out"
"US","US30",30,"US0448","Joaquin",6,16,6,"6th voted out"
"US","US30",30,"US0449","Kelly",7,19,7,"7th voted out"
"US","US30",30,"US0450","Hali",8,22,8,"8th voted out"
"US","US30",30,"US0451","Joe",9,24,9,"9th voted out"
"US","US30",30,"US0452","Jenn",10,27,10,"10th voted out"
"US","US30",30,"US0453","Shirin",11,29,11,"11th voted out"
"US","US30",30,"US0454","Tyler",12,32,12,"12th voted out"
"US","US30",30,"US0455","Dan",13,35,13,"13th voted out"
"US","US30",30,"US0456","Sierra",14,37,14,"14th voted out"
"US","US30",30,"US0457","Rodney",14,38,15,"Lost fire challenge"
"US","US30",30,"US0458","Will",14,39,16,"Runner-up"
"US","US30",30,"US0459","Carolyn",14,39,17,"Runner-up"
"US","US30",30,"US0460","Mike",14,39,18,"Sole Survivor"
"US","US29",29,"US0425","Nadiya",1,3,1,"1st voted out"
"US","US29",29,"US0426","Val",2,6,2,"2nd voted out"
"US","US29",29,"US0427","John",3,8,3,"3rd voted out"
"US","US29",29,"US0428","Drew",4,10,4,"4th voted out"
"US","US29",29,"US0429","Kelley",5,13,5,"5th voted out"
"US","US29",29,"US0430","Dale",6,15,6,"6th voted out"
"US","US29",29,"US0431","Julie",7,18,7,"Quit"
"US","US29",29,"US0432","Josh",8,21,8,"7th voted out"
"US","US29",29,"US0433","Jeremy",9,24,9,"8th voted out"
"US","US29",29,"US0434","Wes",10,26,10,"9th voted out"
"US","US29",29,"US0435","Reed",11,29,11,"10th voted out"
"US","US29",29,"US0436","Alec",12,32,12,"11th voted out"
"US","US29",29,"US0437","Jon",13,35,13,"12th voted out"
"US","US29",29,"US0438","Baylor",14,37,14,"13th voted out"
"US","US29",29,"US0439","Keith",14,38,15,"14th voted out"
"US","US29",29,"US0440","Missy",14,39,16,"2nd runner-up"
"US","US29",29,"US0441","Jaclyn",14,39,17,"Runner-up"
"US","US29",29,"US0442","Natalie",14,39,18,"Sole Survivor"
"US","US28",28,"US0407","David",1,3,1,"1st voted out"
"US","US28",28,"US0408","Garrett",1,6,2,"2nd voted out"
"US","US28",28,"US0409","Brice",2,8,3,"3rd voted out"
"US","US28",28,"US0410","J'Tia",3,11,4,"4th voted out"
"US","US28",28,"US0411","Cliff",4,14,5,"5th voted out"
"US","US28",28,"US0412","Lindsey",4,14,6,"Quit"
"US","US28",28,"US0413","Alexis",5,16,7,"6th voted out"
"US","US28",28,"US0414","Sarah",6,19,8,"7th voted out"
"US","US28",28,"US0415","Morgan",7,22,9,"8th voted out"
"US","US28",28,"US0416","LJ",8,25,10,"9th voted out"
"US","US28",28,"US0417","Jeremiah",9,28,11,"10th voted out"
"US","US28",28,"US0418","Jefra",10,30,12,"11th voted out"
"US","US28",28,"US0419","Tasha",11,33,13,"12th voted out"
"US","US28",28,"US0420","Trish",12,36,14,"13th voted out"
"US","US28",28,"US0421","Spencer",13,37,15,"14th voted out"
"US","US28",28,"US0422","Kass",13,38,16,"15th voted out"
"US","US28",28,"US0423","Woo",13,39,17,"Runner-up"
"US","US28",28,"US0424","Tony",13,39,18,"Sole Survivor"
"US","US27",27,"US0397","Laura B.",1,1,1,"1st voted out"
"US","US27",27,"US0195","Candice",1,1,2,"2nd voted out"
"US","US27",27,"US0107","Rupert",1,1,3,"Switched"
"US","US27",27,"US0398","Marissa",1,3,4,"3rd voted out"
"US","US27",27,"US0399","Rachel",2,6,5,"4th voted out"
"US","US27",27,"US0359","Colton",3,7,6,"Quit"
"US","US27",27,"US0400","John",3,8,7,"5th voted out"
"US","US27",27,"US0401","Brad",4,10,8,"6th voted out"
"US","US27",27,"US0292","Laura M.",5,13,9,"7th voted out"
"US","US27",27,"US0365","Kat",6,16,10,"8th voted out"
"US","US27",27,"US0397","Laura B.",7,18,11,"9th voted out"
"US","US27",27,"US0182","Aras",8,21,12,"10th voted out"
"US","US27",27,"US0402","Vytas",9,22,13,"11th voted out"
"US","US27",27,"US0032","Tina",9,24,14,"12th voted out"
"US","US27",27,"US0292","Laura M.",10,26,15,"13th voted out"
"US","US27",27,"US0403","Caleb",11,29,16,"14th voted out"
"US","US27",27,"US0404","Katie",12,32,17,"Eliminated"
"US","US27",27,"US0405","Hayden",13,35,18,"15th voted out"
"US","US27",27,"US0406","Ciera",14,37,19,"16th voted out"
"US","US27",27,"US0032","Tina",14,38,20,"17th voted out"
"US","US27",27,"US0010","Gervase",14,39,21,"2nd runner-up"
"US","US27",27,"US0358","Monica",14,39,22,"Runner-up"
"US","US27",27,"US0274","Tyson",14,39,23,"Sole Survivor"
"US","US26",26,"US0322","Francesca",1,3,1,"1st voted out"
"US","US26",26,"US0387","Allie",2,5,2,"2nd voted out"
"US","US26",26,"US0388","Hope",3,7,3,"3rd voted out"
"US","US26",26,"US0389","Shamar",4,10,4,"Medically evacuated"
"US","US26",26,"US0390","Laura",4,10,5,"4th voted out"
"US","US26",26,"US0350","Brandon",5,13,6,"5th voted out"
"US","US26",26,"US0391","Matt",6,16,7,"6th voted out"
"US","US26",26,"US0392","Julia",7,19,8,"7th voted out"
"US","US26",26,"US0259","Corinne",8,22,9,"8th voted out"
"US","US26",26,"US0393","Michael",9,25,10,"9th voted out"
"US","US26",26,"US0337","Phillip",10,28,11,"10th voted out"
"US","US26",26,"US0384","Malcolm",11,30,12,"11th voted out"
"US","US26",26,"US0394","Reynold",12,31,13,"12th voted out"
"US","US26",26,"US0333","Andrea",12,33,14,"13th voted out"
"US","US26",26,"US0312","Brenda",13,36,15,"14th voted out"
"US","US26",26,"US0246","Erik",13,36,16,"Medically evacuated"
"US","US26",26,"US0395","Eddie",14,38,17,"15th voted out"
"US","US26",26,"US0396","Sherri",14,39,18,"Runner-up"
"US","US26",26,"US0346","Dawn",14,39,19,"Runner-up"
"US","US26",26,"US0348","Cochran",14,39,20,"Sole Survivor"
"US","US25",25,"US0372","Zane",1,3,1,"1st voted out"
"US","US25",25,"US0373","Roxy",2,6,2,"2nd voted out"
"US","US25",25,"US0374","Angie",3,8,3,"3rd voted out"
"US","US25",25,"US0288","Russell",4,10,4,"4th voted out"
"US","US25",25,"US0375","Dana",5,12,5,"Quit"
"US","US25",25,"US0376","Dawson",5,13,6,"5th voted out"
"US","US25",25,"US0377","Katie",6,16,7,"6th voted out"
"US","US25",25,"US0378","RC",7,19,8,"7th voted out"
"US","US25",25,"US0379","Jeff",8,22,9,"8th voted out"
"US","US25",25,"US0380","Artis",9,25,10,"9th voted out"
"US","US25",25,"US0381","Pete",10,27,11,"10th voted out"
"US","US25",25,"US0196","Jonathan",11,30,12,"11th voted out"
"US","US25",25,"US0382","Carter",12,33,13,"12th voted out"
"US","US25",25,"US0383","Abi-Maria",13,36,14,"13th voted out"
"US","US25",25,"US0384","Malcolm",14,38,15,"14th voted out"
"US","US25",25,"US0385","Lisa",14,39,16,"Runner-up"
"US","US25",25,"US0022","Michael",14,39,17,"Runner-up"
"US","US25",25,"US0386","Denise",14,39,18,"Sole Survivor"
"US","US24",24,"US0354","Kourtney",1,3,1,"Medically evacuated"
"US","US24",24,"US0355","Nina",2,5,2,"1st voted out"
"US","US24",24,"US0356","Matt",3,8,3,"2nd voted out"
"US","US24",24,"US0357","Bill",4,11,4,"3rd voted out"
"US","US24",24,"US0358","Monica",5,14,5,"4th voted out"
"US","US24",24,"US0359","Colton",6,16,6,"Medically evacuated"
"US","US24",24,"US0360","Jonas",7,20,7,"5th voted out"
"US","US24",24,"US0361","Michael",8,22,8,"6th voted out"
"US","US24",24,"US0362","Jay",9,25,9,"7th voted out"
"US","US24",24,"US0363","Leif",10,27,10,"8th voted out"
"US","US24",24,"US0364","Troyzan",11,30,11,"9th voted out"
"US","US24",24,"US0365","Kat",12,33,12,"10th voted out"
"US","US24",24,"US0366","Tarzan",13,36,13,"11th voted out"
"US","US24",24,"US0367","Alicia",14,37,14,"12th voted out"
"US","US24",24,"US0368","Christina",14,38,15,"13th voted out"
"US","US24",24,"US0369","Chelsea",14,39,16,"2nd runner-up"
"US","US24",24,"US0370","Sabrina",14,39,17,"Runner-up"
"US","US24",24,"US0371","Kim",14,39,18,"Sole Survivor"
"US","US23",23,"US0338","Semhar",1,3,1,"1st voted out"
"US","US23",23,"US0339","Christine",2,5,2,"2nd voted out"
"US","US23",23,"US0340","Papa Bear",3,8,3,"3rd voted out"
"US","US23",23,"US0341","Stacey",4,11,4,"4th voted out"
"US","US23",23,"US0342","Elyse",5,14,5,"5th voted out"
"US","US23",23,"US0343","Mikayla",6,16,6,"6th voted out"
"US","US23",23,"US0201","Ozzy",7,18,7,"7th voted out"
"US","US23",23,"US0344","Keith",8,21,8,"8th voted out"
"US","US23",23,"US0201","Ozzy",9,22,9,"9th voted out"
"US","US23",23,"US0345","Jim",9,24,10,"10th voted out"
"US","US23",23,"US0346","Dawn",10,27,11,"11th voted out"
"US","US23",23,"US0347","Whitney",10,27,12,"12th voted out"
"US","US23",23,"US0348","Cochran",12,30,13,"13th voted out"
"US","US23",23,"US0349","Edna",13,32,14,"14th voted out"
"US","US23",23,"US0350","Brandon",14,35,15,"15th voted out"
"US","US23",23,"US0351","Rick",15,37,16,"16th voted out"
"US","US23",23,"US0201","Ozzy",15,38,17,"17th voted out"
"US","US23",23,"US0352","Albert",15,39,18,"2nd runner-up"
"US","US23",23,"US0277","Coach",15,39,19,"Runner-up"
"US","US23",23,"US0353","Sophie",15,39,20,"Sole Survivor"
"US","US22",22,"US0322","Francesca",1,3,1,"1st voted out"
"US","US22",22,"US0323","Matt",2,5,2,"2nd voted out"
"US","US22",22,"US0300","Russell",3,8,3,"3rd voted out"
"US","US22",22,"US0324","Kristina",4,11,4,"4th voted out"
"US","US22",22,"US0325","Krista",5,13,5,"5th voted out"
"US","US22",22,"US0326","Stephanie",6,16,6,"6th voted out"
"US","US22",22,"US0327","Sarita",7,18,7,"7th voted out"
"US","US22",22,"US0323","Matt",8,21,8,"8th voted out"
"US","US22",22,"US0328","Mike",9,22,9,"9th voted out"
"US","US22",22,"US0329","David",9,24,10,"10th voted out"
"US","US22",22,"US0330","Julie",10,27,11,"11th voted out"
"US","US22",22,"US0331","Ralph",11,30,12,"12th voted out"
"US","US22",22,"US0332","Steve",11,30,13,"13th voted out"
"US","US22",22,"US0333","Andrea",12,32,14,"14th voted out"
"US","US22",22,"US0334","Grant",13,35,15,"15th voted out"
"US","US22",22,"US0333","Andrea",14,37,16,"16th voted out"
"US","US22",22,"US0335","Ashley",14,38,17,"17th voted out"
"US","US22",22,"US0336","Natalie",14,39,18,"2nd runner-up"
"US","US22",22,"US0337","Phillip",14,39,19,"Runner-up"
"US","US22",22,"US0055","Boston Rob",14,39,20,"Sole Survivor"
"US","US21",21,"US0302","Wendy",1,3,1,"1st voted out"
"US","US21",21,"US0303","Shannon",2,6,2,"2nd voted out"
"US","US21",21,"US0304","Jimmy J.",3,8,3,"3rd voted out"
"US","US21",21,"US0305","Jimmy T.",4,11,4,"4th voted out"
"US","US21",21,"US0306","Tyrone",5,14,5,"5th voted out"
"US","US21",21,"US0307","Kelly B.",6,15,6,"6th voted out"
"US","US21",21,"US0308","Yve",6,15,7,"7th voted out"
"US","US21",21,"US0309","Jill",7,18,8,"8th voted out"
"US","US21",21,"US0310","Alina",8,22,9,"9th voted out"
"US","US21",21,"US0311","Marty",9,24,10,"10th voted out"
"US","US21",21,"US0312","Brenda",10,27,11,"11th voted out"
"US","US21",21,"US0313","NaOnka",12,28,12,"Quit"
"US","US21",21,"US0314","Purple Kelly",12,28,13,"Quit"
"US","US21",21,"US0315","Benry",13,32,14,"12th voted out"
"US","US21",21,"US0316","Jane",14,36,15,"13th voted out"
"US","US21",21,"US0317","Dan",15,37,16,"14th voted out"
"US","US21",21,"US0318","Holly",15,38,17,"15th voted out"
"US","US21",21,"US0319","Sash",15,39,18,"2nd runner-up"
"US","US21",21,"US0320","Chase",15,39,19,"Runner-up"
"US","US21",21,"US0321","Fabio",15,39,20,"Sole Survivor"
"US","US20",20,"US0263","Sugar",1,3,1,"1st voted out"
"US","US20",20,"US0144","Stephenie",2,6,2,"2nd voted out"
"US","US20",20,"US0258","Randy",3,8,3,"3rd voted out"
"US","US20",20,"US0179","Cirie",4,11,4,"4th voted out"
"US","US20",20,"US0150","Tom",5,14,5,"5th voted out"
"US","US20",20,"US0274","Tyson",6,15,6,"6th voted out"
"US","US20",20,"US0231","James",6,15,7,"7th voted out"
"US","US20",20,"US0055","Boston Rob",7,18,8,"8th voted out"
"US","US20",20,"US0277","Coach",8,21,9,"9th voted out"
"US","US20",20,"US0236","Courtney",9,24,10,"10th voted out"
"US","US20",20,"US0281","J.T.",10,27,11,"11th voted out"
"US","US20",20,"US0235","Amanda",11,30,12,"12th voted out"
"US","US20",20,"US0195","Candice",12,31,13,"13th voted out"
"US","US20",20,"US0181","Danielle",12,33,14,"14th voted out"
"US","US20",20,"US0107","Rupert",13,36,15,"15th voted out"
"US","US20",20,"US0031","Colby",14,37,16,"16th voted out"
"US","US20",20,"US0025","Jerri",14,38,17,"17th voted out"
"US","US20",20,"US0300","Russell",14,39,18,"2nd runner-up"
"US","US20",20,"US0197","Parvati",14,39,19,"Runner-up"
"US","US20",20,"US0112","Sandra",14,39,20,"Sole Survivor"
"US","US19",19,"US0282","Marisa",1,3,1,"1st voted out"
"US","US19",19,"US0283","Mike",2,5,2,"Medically evacuated"
"US","US19",19,"US0284","Betsy",2,6,3,"2nd voted out"
"US","US19",19,"US0285","Ben",3,8,4,"3rd voted out"
"US","US19",19,"US0286","Yasmin",4,11,5,"4th voted out"
"US","US19",19,"US0287","Ashley",5,14,6,"5th voted out"
"US","US19",19,"US0288","Russell S.",6,15,7,"Medically evacuated"
"US","US19",19,"US0289","Liz",7,18,8,"6th voted out"
"US","US19",19,"US0290","Erik",8,21,9,"7th voted out"
"US","US19",19,"US0291","Kelly",9,24,10,"8th voted out"
"US","US19",19,"US0292","Laura",10,27,11,"9th voted out"
"US","US19",19,"US0293","John",12,30,12,"10th voted out"
"US","US19",19,"US0294","Dave",13,31,13,"11th voted out"
"US","US19",19,"US0295","Monica",13,33,14,"12th voted out"
"US","US19",19,"US0296","Shambo",14,36,15,"13th voted out"
"US","US19",19,"US0297","Jaison",15,37,16,"14th voted out"
"US","US19",19,"US0298","Brett",15,38,17,"15th voted out"
"US","US19",19,"US0299","Mick",15,39,18,"2nd runner-up"
"US","US19",19,"US0300","Russell H.",15,39,19,"Runner-up"
"US","US19",19,"US0301","Natalie",15,39,20,"Sole Survivor"
"US","US18",18,"US0266","Carolina",1,3,1,"1st voted out"
"US","US18",18,"US0267","Candace",2,6,2,"2nd voted out"
"US","US18",18,"US0268","Jerry",3,9,3,"3rd voted out"
"US","US18",18,"US0269","Sandy",4,12,4,"4th voted out"
"US","US18",18,"US0270","Spencer",5,15,5,"5th voted out"
"US","US18",18,"US0271","Sydney",7,18,6,"6th voted out"
"US","US18",18,"US0272","Joe",8,20,7,"Medically evacuated"
"US","US18",18,"US0273","Brendan",9,24,8,"7th voted out"
"US","US18",18,"US0274","Tyson",10,27,9,"8th voted out"
"US","US18",18,"US0275","Sierra",11,30,10,"9th voted out"
"US","US18",18,"US0276","Debbie",12,33,11,"10th voted out"
"US","US18",18,"US0277","Coach",13,36,12,"11th voted out"
"US","US18",18,"US0278","Taj",14,37,13,"12th voted out"
"US","US18",18,"US0279","Erinn",14,38,14,"13th voted out"
"US","US18",18,"US0280","Stephen",14,39,15,"Runner-up"
"US","US18",18,"US0281","J.T.",14,39,16,"Sole Survivor"
"US","US17",17,"US0248","Michelle",1,3,1,"1st voted out"
"US","US17",17,"US0249","Gillian",1,6,2,"2nd voted out"
"US","US17",17,"US0250","Paloma",2,9,3,"3rd voted out"
"US","US17",17,"US0251","Jacquie",3,12,4,"4th voted out"
"US","US17",17,"US0252","GC",4,15,5,"5th voted out"
"US","US17",17,"US0253","Kelly",5,18,6,"6th voted out"
"US","US17",17,"US0254","Ace",6,21,7,"7th voted out"
"US","US17",17,"US0255","Dan",6,21,8,"8th voted out"
"US","US17",17,"US0256","Marcus",7,24,9,"9th voted out"
"US","US17",17,"US0257","Charlie",8,27,10,"10th voted out"
"US","US17",17,"US0258","Randy",9,30,11,"11th voted out"
"US","US17",17,"US0259","Corinne",11,33,12,"12th voted out"
"US","US17",17,"US0260","Crystal",12,36,13,"13th voted out"
"US","US17",17,"US0261","Ken",13,37,14,"14th voted out"
"US","US17",17,"US0262","Matty",13,38,15,"Lost fire challenge"
"US","US17",17,"US0263","Sugar",13,39,16,"2nd runner-up"
"US","US17",17,"US0264","Susie",13,39,17,"Runner-up"
"US","US17",17,"US0265","Bob",13,39,18,"Sole Survivor"
"US","US16",16,"US0111","Jonny Fairplay",1,3,1,"1st voted out (Quit)"
"US","US16",16,"US0238","Mary",2,6,2,"2nd voted out"
"US","US16",16,"US0218","Yau-Man",3,8,3,"3rd voted out"
"US","US16",16,"US0239","Mikey B",4,11,4,"4th voted out"
"US","US16",16,"US0240","Joel",5,14,5,"5th voted out"
"US","US16",16,"US0196","Jonathan",6,15,6,"Medically evacuated"
"US","US16",16,"US0241","Chet",6,17,7,"6th voted out"
"US","US16",16,"US0242","Kathy",7,19,8,"Quit"
"US","US16",16,"US0243","Tracy",7,20,9,"7th voted out"
"US","US16",16,"US0125","Ami",8,21,10,"8th voted out"
"US","US16",16,"US0127","Eliza",9,24,11,"9th voted out"
"US","US16",16,"US0201","Ozzy",10,27,12,"10th voted out"
"US","US16",16,"US0244","Jason",11,30,13,"11th voted out"
"US","US16",16,"US0231","James",12,31,14,"Medically evacuated"
"US","US16",16,"US0245","Alexis",12,33,15,"12th voted out"
"US","US16",16,"US0246","Erik",13,36,16,"13th voted out"
"US","US16",16,"US0247","Natalie",14,37,17,"14th voted out"
"US","US16",16,"US0179","Cirie",14,38,18,"15th voted out"
"US","US16",16,"US0235","Amanda",14,39,19,"Runner-up"
"US","US16",16,"US0197","Parvati",14,39,20,"Sole Survivor"
"US","US15",15,"US0222","Chicken",1,3,1,"1st voted out"
"US","US15",15,"US0223","Ashley",2,6,2,"2nd voted out"
"US","US15",15,"US0224","Leslie",3,9,3,"3rd voted out"
"US","US15",15,"US0225","Dave",4,12,4,"4th voted out"
"US","US15",15,"US0226","Aaron",5,15,5,"5th voted out"
"US","US15",15,"US0227","Sherea",6,18,6,"6th voted out"
"US","US15",15,"US0228","Jaime",7,21,7,"7th voted out"
"US","US15",15,"US0229","Jean-Robert",8,24,8,"8th voted out"
"US","US15",15,"US0230","Frosti",9,27,9,"9th voted out"
"US","US15",15,"US0231","James",11,30,10,"10th voted out"
"US","US15",15,"US0232","Erik",12,33,11,"11th voted out"
"US","US15",15,"US0233","Peih-Gee",13,36,12,"12th voted out"
"US","US15",15,"US0234","Denise",14,38,13,"13th voted out"
"US","US15",15,"US0235","Amanda",14,39,14,"2nd runner-up"
"US","US15",15,"US0236","Courtney",14,39,15,"Runner-up"
"US","US15",15,"US0237","Todd",14,39,16,"Sole Survivor"
"US","US14",14,"US0203","Jessica",1,3,1,"1st voted out"
"US","US14",14,"US0204","Erica",2,6,2,"2nd voted out"
"US","US14",14,"US0205","Sylvia",3,8,3,"3rd voted out"
"US","US14",14,"US0206","Gary",4,10,4,"Quit"
"US","US14",14,"US0207","Liliana",4,11,5,"4th voted out"
"US","US14",14,"US0208","Rita",5,14,6,"5th voted out"
"US","US14",14,"US0209","Anthony",6,16,7,"6th voted out"
"US","US14",14,"US0210","Rocky",7,19,8,"7th voted out"
"US","US14",14,"US0211","Lisi",8,21,9,"8th voted out"
"US","US14",14,"US0212","Michelle",9,24,10,"9th voted out"
"US","US14",14,"US0213","Edgardo",10,27,11,"10th voted out"
"US","US14",14,"US0214","Mookie",11,30,12,"11th voted out"
"US","US14",14,"US0215","Alex",12,33,13,"12th voted out"
"US","US14",14,"US0216","Stacy",13,36,14,"13th voted out"
"US","US14",14,"US0217","Boo",14,37,15,"14th voted out"
"US","US14",14,"US0218","Yau-Man",14,38,16,"15th voted out"
"US","US14",14,"US0219","Dreamz",14,39,17,"Runner-up"
"US","US14",14,"US0220","Cassandra",14,39,18,"Runner-up"
"US","US14",14,"US0221","Earl",14,39,19,"Sole Survivor"
"US","US13",13,"US0183","Sekou",1,3,1,"1st voted out"
"US","US13",13,"US0184","Billy",2,6,2,"2nd voted out"
"US","US13",13,"US0185","Cecilia",3,8,3,"3rd voted out"
"US","US13",13,"US0186","J.P.",4,11,4,"4th voted out"
"US","US13",13,"US0187","Stephannie",5,14,5,"5th voted out"
"US","US13",13,"US0188","Cao Boi",6,15,6,"6th voted out"
"US","US13",13,"US0189","Cristina",6,15,7,"7th voted out"
"US","US13",13,"US0190","Jessica",8,18,8,"8th voted out"
"US","US13",13,"US0191","Brad",9,21,9,"9th voted out"
"US","US13",13,"US0192","Rebecca",10,24,10,"10th voted out"
"US","US13",13,"US0193","Jenny",10,24,11,"11th voted out"
"US","US13",13,"US0194","Nate",11,27,12,"12th voted out"
"US","US13",13,"US0195","Candice",12,30,13,"13th voted out"
"US","US13",13,"US0196","Jonathan",13,33,14,"14th voted out"
"US","US13",13,"US0197","Parvati",14,36,15,"15th voted out"
"US","US13",13,"US0198","Adam",15,37,16,"16th voted out"
"US","US13",13,"US0199","Sundra",15,38,17,"Lost fire challenge"
"US","US13",13,"US0200","Becky",15,39,18,"2nd runner-up"
"US","US13",13,"US0201","Ozzy",15,39,19,"Runner-up"
"US","US13",13,"US0202","Yul",15,39,20,"Sole Survivor"
"US","US12",12,"US0167","Tina",1,3,1,"1st voted out"
"US","US12",12,"US0168","Melinda",2,6,2,"2nd voted out"
"US","US12",12,"US0169","Misty",3,8,3,"3rd voted out"
"US","US12",12,"US0170","Ruth Marie",4,11,4,"4th voted out"
"US","US12",12,"US0171","Bobby",5,14,5,"5th voted out"
"US","US12",12,"US0172","Dan",6,15,6,"6th voted out"
"US","US12",12,"US0173","Nick",8,18,7,"7th voted out"
"US","US12",12,"US0174","Austin",9,21,8,"8th voted out"
"US","US12",12,"US0175","Sally",10,24,9,"9th voted out"
"US","US12",12,"US0176","Bruce",11,25,10,"Medically evacuated"
"US","US12",12,"US0177","Courtney",12,30,11,"10th voted out"
"US","US12",12,"US0178","Shane",13,33,12,"11th voted out"
"US","US12",12,"US0179","Cirie",14,36,13,"12th voted out"
"US","US12",12,"US0180","Terry",15,38,14,"13th voted out"
"US","US12",12,"US0181","Danielle",15,39,15,"Runner-up"
"US","US12",12,"US0182","Aras",15,39,16,"Sole Survivor"
"US","US11",11,"US0151","Jim",1,3,1,"1st voted out"
"US","US11",11,"US0152","Morgan",2,6,2,"2nd voted out"
"US","US11",11,"US0153","Brianna",3,8,3,"3rd voted out"
"US","US11",11,"US0154","Brooke",4,11,4,"4th voted out"
"US","US11",11,"US0155","Blake",5,14,5,"5th voted out"
"US","US11",11,"US0156","Margaret",6,15,6,"6th voted out"
"US","US11",11,"US0157","Brian",6,15,7,"7th voted out"
"US","US11",11,"US0158","Amy",7,18,8,"8th voted out"
"US","US11",11,"US0159","Brandon",8,21,9,"9th voted out"
"US","US11",11,"US0141","Bobby Jon",9,24,10,"10th voted out"
"US","US11",11,"US0160","Jamie",10,27,11,"11th voted out"
"US","US11",11,"US0161","Gary",11,30,12,"12th voted out"
"US","US11",11,"US0162","Judd",12,33,13,"13th voted out"
"US","US11",11,"US0163","Cindy",13,36,14,"14th voted out"
"US","US11",11,"US0164","Lydia",14,37,15,"15th voted out"
"US","US11",11,"US0165","Rafe",14,38,16,"16th voted out"
"US","US11",11,"US0144","Stephenie",14,39,17,"Runner-up"
"US","US11",11,"US0166","Danni",14,39,18,"Sole Survivor"
"US","US10",10,"US0131","Jonathan",1,2,1,"Eliminated"
"US","US10",10,"US0132","Wanda",1,2,2,"Eliminated"
"US","US10",10,"US0133","Jolanda",1,3,3,"1st voted out"
"US","US10",10,"US0134","Ashlee",2,6,4,"2nd voted out"
"US","US10",10,"US0135","Jeff",3,8,5,"3rd voted out"
"US","US10",10,"US0136","Kim",4,11,6,"4th voted out"
"US","US10",10,"US0137","Willard",5,12,7,"5th voted out"
"US","US10",10,"US0138","Angie",5,12,8,"6th voted out"
"US","US10",10,"US0139","James",6,15,9,"7th voted out"
"US","US10",10,"US0140","Ibrehem",7,18,10,"8th voted out"
"US","US10",10,"US0141","Bobby Jon",8,21,11,"Lost fire challenge"
"US","US10",10,"US0142","Coby",9,24,12,"9th voted out"
"US","US10",10,"US0143","Janu",10,27,13,"Quit"
"US","US10",10,"US0144","Stephenie",11,30,14,"10th voted out"
"US","US10",10,"US0145","Gregg",12,33,15,"11th voted out"
"US","US10",10,"US0146","Caryn",13,36,16,"12th voted out"
"US","US10",10,"US0147","Jenn",14,37,17,"Lost fire challenge"
"US","US10",10,"US0148","Ian",14,38,18,"14th voted out"
"US","US10",10,"US0149","Katie",14,39,19,"Runner-up"
"US","US10",10,"US0150","Tom",14,39,20,"Sole Survivor"
"US","US09",9,"US0113","Brook",1,3,1,"1st voted out"
"US","US09",9,"US0114","Dolly",2,6,2,"2nd voted out"
"US","US09",9,"US0115","John P.",3,7,3,"3rd voted out"
"US","US09",9,"US0116","Mia",3,7,4,"4th voted out"
"US","US09",9,"US0117","Brady",4,10,5,"5th voted out"
"US","US09",9,"US0118","Travis",5,12,6,"6th voted out"
"US","US09",9,"US0119","Lisa",6,15,7,"7th voted out"
"US","US09",9,"US0120","John K.",7,18,8,"8th voted out"
"US","US09",9,"US0121","Rory",8,21,9,"9th voted out"
"US","US09",9,"US0122","Lea",9,24,10,"10th voted out"
"US","US09",9,"US0123","Chad",10,27,11,"11th voted out"
"US","US09",9,"US0124","Leann",11,30,12,"12th voted out"
"US","US09",9,"US0125","Ami",12,33,13,"13th voted out"
"US","US09",9,"US0126","Julie",13,36,14,"14th voted out"
"US","US09",9,"US0127","Eliza",14,37,15,"15th voted out"
"US","US09",9,"US0128","Scout",14,38,16,"16th voted out"
"US","US09",9,"US0129","Twila",14,39,17,"Runner-up"
"US","US09",9,"US0130","Chris",14,39,18,"Sole Survivor"
"US","US08",8,"US0032","Tina",1,3,1,"1st voted out"
"US","US08",8,"US0014","Rudy",2,6,2,"2nd voted out"
"US","US08",8,"US0096","Jenna M.",3,9,3,"Quit"
"US","US08",8,"US0094","Rob C.",4,12,4,"3rd voted out"
"US","US08",8,"US0016","Richard",5,15,5,"4th voted out"
"US","US08",8,"US0013","Sue",6,17,6,"Quit"
"US","US08",8,"US0031","Colby",7,19,7,"5th voted out"
"US","US08",8,"US0048","Ethan",8,21,8,"6th voted out"
"US","US08",8,"US0025","Jerri",10,24,9,"7th voted out"
"US","US08",8,"US0046","Lex",11,27,10,"8th voted out"
"US","US08",8,"US0062","Kathy",12,28,11,"9th voted out"
"US","US08",8,"US0024","Alicia",13,30,12,"10th voted out"
"US","US08",8,"US0071","Shii Ann",14,33,13,"11th voted out"
"US","US08",8,"US0045","Tom",15,36,14,"12th voted out"
"US","US08",8,"US0107","Rupert",16,37,15,"13th voted out"
"US","US08",8,"US0009","Jenna L.",16,38,16,"14th voted out"
"US","US08",8,"US0055","Boston Rob",16,39,17,"Runner-up"
"US","US08",8,"US0027","Amber",16,39,18,"Sole Survivor"
"US","US07",7,"US0097","Nicole",1,3,1,"1st voted out"
"US","US07",7,"US0098","Ryan S.",2,6,2,"2nd voted out"
"US","US07",7,"US0099","Lillian",3,9,3,"3rd voted out"
"US","US07",7,"US0100","Burton",4,12,4,"4th voted out"
"US","US07",7,"US0101","Michelle",5,15,5,"5th voted out"
"US","US07",7,"US0102","Trish",6,18,6,"6th voted out"
"US","US07",7,"US0103","Shawn",7,19,7,"7th voted out"
"US","US07",7,"US0104","Osten",7,19,8,"Quit"
"US","US07",7,"US0105","Andrew",8,21,9,"8th voted out"
"US","US07",7,"US0106","Ryan O.",9,24,10,"9th voted out"
"US","US07",7,"US0107","Rupert",10,27,11,"10th voted out"
"US","US07",7,"US0108","Tijuana",11,30,12,"11th voted out"
"US","US07",7,"US0109","Christa",12,33,13,"12th voted out"
"US","US07",7,"US0100","Burton",13,36,14,"13th voted out"
"US","US07",7,"US0110","Darrah",14,37,15,"14th voted out"
"US","US07",7,"US0111","Jonny Fairplay",14,38,16,"15th voted out"
"US","US07",7,"US0099","Lillian",14,39,17,"Runner-up"
"US","US07",7,"US0112","Sandra",14,39,18,"Sole Survivor"
"US","US06",6,"US0081","Ryan",1,3,1,"1st voted out"
"US","US06",6,"US0082","Janet",2,6,2,"2nd voted out"
"US","US06",6,"US0083","Daniel",3,9,3,"3rd voted out"
"US","US06",6,"US0084","JoAnna",4,12,4,"4th voted out"
"US","US06",6,"US0085","Jeanne",5,15,5,"5th voted out"
"US","US06",6,"US0086","Shawna",6,18,6,"6th voted out"
"US","US06",6,"US0087","Roger",7,21,7,"7th voted out"
"US","US06",6,"US0088","Dave",8,24,8,"8th voted out"
"US","US06",6,"US0089","Deena",9,27,9,"9th voted out"
"US","US06",6,"US0090","Alex",11,30,10,"10th voted out"
"US","US06",6,"US0091","Christy",12,33,11,"11th voted out"
"US","US06",6,"US0092","Heidi",13,36,12,"12th voted out"
"US","US06",6,"US0093","Butch",14,37,13,"13th voted out"
"US","US06",6,"US0094","Rob",14,38,14,"14th voted out"
"US","US06",6,"US0095","Matthew",14,39,15,"Runner-up"
"US","US06",6,"US0096","Jenna",14,39,16,"Sole Survivor"
"US","US05",5,"US0065","John",1,3,1,"1st voted out"
"US","US05",5,"US0066","Tanya",2,6,2,"2nd voted out"
"US","US05",5,"US0067","Jed",3,9,3,"3rd voted out"
"US","US05",5,"US0068","Ghandia",4,12,4,"4th voted out"
"US","US05",5,"US0069","Stephanie",5,15,5,"5th voted out"
"US","US05",5,"US0070","Robb",6,18,6,"6th voted out"
"US","US05",5,"US0071","Shii Ann",7,21,7,"7th voted out"
"US","US05",5,"US0072","Erin",8,24,8,"8th voted out"
"US","US05",5,"US0073","Ken",9,27,9,"9th voted out"
"US","US05",5,"US0074","Penny",10,30,10,"10th voted out"
"US","US05",5,"US0075","Jake",12,33,11,"11th voted out"
"US","US05",5,"US0076","Ted",13,36,12,"12th voted out"
"US","US05",5,"US0077","Helen",14,37,13,"13th voted out"
"US","US05",5,"US0078","Jan",14,38,14,"14th voted out"
"US","US05",5,"US0079","Clay",14,39,15,"Runner-up"
"US","US05",5,"US0080","Brian",14,39,16,"Sole Survivor"
"US","US04",4,"US0049","Peter",1,3,1,"1st voted out"
"US","US04",4,"US0050","Patricia",2,6,2,"2nd voted out"
"US","US04",4,"US0051","Hunter",3,9,3,"3rd voted out"
"US","US04",4,"US0052","Sarah",4,12,4,"4th voted out"
"US","US04",4,"US0053","Gabriel",5,15,5,"5th voted out"
"US","US04",4,"US0054","Gina",6,18,6,"6th voted out"
"US","US04",4,"US0055","Boston Rob",7,21,7,"7th voted out"
"US","US04",4,"US0056","John",8,24,8,"8th voted out"
"US","US04",4,"US0057","Zoe",10,27,9,"9th voted out"
"US","US04",4,"US0058","Tammy",11,30,10,"10th voted out"
"US","US04",4,"US0059","Robert",12,33,11,"11th voted out"
"US","US04",4,"US0060","Sean",13,36,12,"12th voted out"
"US","US04",4,"US0061","Paschal",14,37,13,"Eliminated"
"US","US04",4,"US0062","Kathy",14,38,14,"13th voted out"
"US","US04",4,"US0063","Neleh",14,39,15,"Runner-up"
"US","US04",4,"US0064","Vecepia",14,39,16,"Sole Survivor"
"US","US03",3,"US0033","Diane",1,3,1,"1st voted out"
"US","US03",3,"US0034","Jessie",2,6,2,"2nd voted out"
"US","US03",3,"US0035","Carl",3,9,3,"3rd voted out"
"US","US03",3,"US0036","Linda",4,12,4,"4th voted out"
"US","US03",3,"US0037","Silas",5,15,5,"5th voted out"
"US","US03",3,"US0038","Lindsey",6,18,6,"6th voted out"
"US","US03",3,"US0039","Clarence",7,21,7,"7th voted out"
"US","US03",3,"US0040","Kelly",9,24,8,"8th voted out"
"US","US03",3,"US0041","Brandon",10,27,9,"9th voted out"
"US","US03",3,"US0042","Frank",11,30,10,"10th voted out"
"US","US03",3,"US0043","Kim P.",12,33,11,"11th voted out"
"US","US03",3,"US0044","Teresa",13,36,12,"12th voted out"
"US","US03",3,"US0045","Tom",14,37,13,"13th voted out"
"US","US03",3,"US0046","Lex",14,38,14,"14th voted out"
"US","US03",3,"US0047","Kim J.",14,39,15,"Runner-up"
"US","US03",3,"US0048","Ethan",14,39,16,"Sole Survivor"
"US","US02",2,"US0017","Debb",1,3,1,"1st voted out"
"US","US02",2,"US0018","Kel",2,6,2,"2nd voted out"
"US","US02",2,"US0019","Maralyn",3,9,3,"3rd voted out"
"US","US02",2,"US0020","Mitchell",4,12,4,"4th voted out"
"US","US02",2,"US0021","Kimmi",5,15,5,"5th voted out"
"US","US02",2,"US0022","Michael",6,17,6,"Medically evacuated"
"US","US02",2,"US0023","Jeff",7,21,7,"6th voted out"
"US","US02",2,"US0024","Alicia",8,24,8,"7th voted out"
"US","US02",2,"US0025","Jerri",10,27,9,"8th voted out"
"US","US02",2,"US0026","Nick",11,30,10,"9th voted out"
"US","US02",2,"US0027","Amber",12,33,11,"10th voted out"
"US","US02",2,"US0028","Rodger",13,36,12,"11th voted out"
"US","US02",2,"US0029","Elisabeth",14,39,13,"12th voted out"
"US","US02",2,"US0030","Keith",15,41,14,"13th voted out"
"US","US02",2,"US0031","Colby",15,42,15,"Runner-up"
"US","US02",2,"US0032","Tina",15,42,16,"Sole Survivor"
"US","US01",1,"US0001","Sonja",1,3,1,"1st voted out"
"US","US01",1,"US0002","B.B.",2,6,2,"2nd voted out"
"US","US01",1,"US0003","Stacey",3,9,3,"3rd voted out"
"US","US01",1,"US0004","Ramona",4,12,4,"4th voted out"
"US","US01",1,"US0005","Dirk",5,15,5,"5th voted out"
"US","US01",1,"US0006","Joel",6,18,6,"6th voted out"
"US","US01",1,"US0007","Gretchen",7,21,7,"7th voted out"
"US","US01",1,"US0008","Greg",8,24,8,"8th voted out"
"US","US01",1,"US0009","Jenna",9,27,9,"9th voted out"
"US","US01",1,"US0010","Gervase",10,30,10,"10th voted out"
"US","US01",1,"US0011","Colleen",11,33,11,"11th voted out"
"US","US01",1,"US0012","Sean",12,36,12,"12th voted out"
"US","US01",1,"US0013","Sue",13,37,13,"13th voted out"
"US","US01",1,"US0014","Rudy",13,38,14,"14th voted out"
"US","US01",1,"US0015","Kelly",13,39,15,"Runner-up"
"US","US01",1,"US0016","Richard",13,39,16,"Sole Survivor"
"AU","AU11",11,"SA0126","Rob",1,2,1,"1st voted out"
"AU","AU11",11,"AU0086","David",2,5,2,"2nd voted out"
"AU","AU11",11,"AU0118","George",3,6,3,"3rd voted out"
"AU","AU11",11,"US0424","Tony",4,7,4,"4th voted out"
"AU","AU11",11,"AU0041","Sarah",5,9,5,"5th voted out"
"AU","AU11",11,"AU0164","Kirby",6,10,6,"6th voted out"
"AU","AU11",11,"QU0001","Kass",7,11,7,"7th voted out"
"AU","AU11",11,"FI0001","Tommi",7,11,8,"8th voted out"
"AU","AU11",11,"NZ0034","Lisa",8,12,9,"9th voted out"
"AU","AU11",11,"AU0068","Shonee",9,14,10,"10th voted out"
"AU","AU11",11,"US0179","Cirie",10,15,11,"Eliminated"
"AU","AU11",11,"AU0090","Janine",10,16,12,"2nd runner-up"
"AU","AU11",11,"AU0042","Luke",10,16,13,"Runner-up"
"AU","AU11",11,"US0197","Parvati",10,16,14,"Sole Survivor"
"AU","AU10",10,"AU0180","Candy",1,2,1,"1st voted out"
"AU","AU10",10,"AU0181","Indy",2,5,2,"2nd voted out"
"AU","AU10",10,"AU0200","Zen",3,7,3,"Medically evacuated"
"AU","AU10",10,"AU0186","Kent",3,7,4,"3rd voted out"
"AU","AU10",10,"AU0194","Nash",4,9,5,"4th voted out"
"AU","AU10",10,"AU0178","Ally",6,14,6,"5th voted out"
"AU","AU10",10,"AU0197","Rich",7,16,7,"6th voted out"
"AU","AU10",10,"AU0198","Ursula",8,18,8,"7th voted out"
"AU","AU10",10,"AU0191","Max",9,19,9,"8th voted out"
"AU","AU10",10,"AU0189","Noonan",10,21,10,"9th voted out"
"AU","AU10",10,"AU0179","Ben",12,25,11,"Quit"
"AU","AU10",10,"AU0182","Jesse",13,28,12,"10th voted out"
"AU","AU10",10,"AU0196","PD",14,29,13,"11th voted out"
"AU","AU10",10,"AU0188","Laura",15,31,14,"12th voted out"
"AU","AU10",10,"AU0195","Paulie",17,35,15,"13th voted out"
"AU","AU10",10,"AU0184","Karin",18,37,16,"14th voted out"
"AU","AU10",10,"AU0190","Logan",19,37,17,"15th voted out"
"AU","AU10",10,"AU0187","Kristin",20,37,18,"16th voted out"
"AU","AU10",10,"AU0192","Morgan",21,42,19,"17th voted out; Quit"
"AU","AU10",10,"AU0185","Kate",22,44,20,"18th voted out"
"AU","AU10",10,"AU0199","Zara",23,45,21,"19th voted out"
"AU","AU10",10,"AU0177","AJ",24,46,22,"20th voted out"
"AU","AU10",10,"AU0183","Kaelan",24,46,23,"Runner-up"
"AU","AU10",10,"AU0193","Myles",24,46,24,"Sole Survivor"
"AU","AU09",9,"AU0159","Frankie",1,2,1,"1st voted out"
"AU","AU09",9,"AU0162","Jessica",2,5,2,"2nd voted out"
"AU","AU09",9,"AU0168","Peta",3,7,3,"3rd voted out"
"AU","AU09",9,"AU0173","Tobias",4,9,4,"4th voted out"
"AU","AU09",9,"AU0167","Nathan",6,14,5,"5th voted out"
"AU","AU09",9,"AU0175","Viola",7,16,6,"6th voted out"
"AU","AU09",9,"AU0171","Sarah",8,18,7,"7th voted out"
"AU","AU09",9,"AU0160","Garrick",9,20,8,"8th voted out"
"AU","AU09",9,"AU0156","Charles",10,21,9,"9th voted out"
"AU","AU09",9,"AU0163","Kelli",12,25,10,"10th voted out"
"AU","AU09",9,"AU0172","Scott",13,27,11,"Quit"
"AU","AU09",9,"AU0176","Winna",14,28,12,"11th voted out"
"AU","AU09",9,"AU0157","Eden",15,31,13,"12th voted out"
"AU","AU09",9,"AU0153","Aileen",16,33,14,"13th voted out"
"AU","AU09",9,"AU0161","Jaden",17,35,15,"14th voted out"
"AU","AU09",9,"AU0174","Valeria",18,37,16,"15th voted out"
"AU","AU09",9,"AU0154","Alex",19,39,17,"16th voted out"
"AU","AU09",9,"AU0170","Rianna",20,42,18,"17th voted out"
"AU","AU09",9,"AU0165","Kitty",21,42,19,"18th voted out"
"AU","AU09",9,"AU0164","Kirby",22,43,20,"19th voted out"
"AU","AU09",9,"AU0169","Raymond",23,45,21,"20th voted out"
"AU","AU09",9,"AU0166","Mark",24,46,22,"21st voted out"
"AU","AU09",9,"AU0155","Caroline",24,47,23,"Runner-up"
"AU","AU09",9,"AU0158","Feras",24,47,24,"Sole Survivor"
"AU","AU08",8,"AU0058","Jackie",1,2,1,"Medically evacuated"
"AU","AU08",8,"AU0140","Anjali",1,2,2,"1st voted out"
"AU","AU08",8,"AU0147","Michael",2,5,3,"2nd voted out"
"AU","AU08",8,"AU0148","Mimi",3,7,4,"3rd voted out"
"AU","AU08",8,"AU0150","Rogue",4,9,5,"4th voted out"
"AU","AU08",8,"AU0151","Sarah",6,13,6,"5th voted out"
"AU","AU08",8,"AU0143","Fraser",7,15,7,"6th voted out"
"AU","AU08",8,"AU0152","Sharni",8,17,8,"7th voted out"
"AU","AU08",8,"AU0149","Paige",9,19,9,"8th voted out"
"AU","AU08",8,"AU0133","Jordie",10,21,10,"9th voted out"
"AU","AU08",8,"AU0141","Ben",11,23,11,"10th voted out"
"AU","AU08",8,"AU0051","Stevie",13,25,12,"11th voted out"
"AU","AU08",8,"AU0142","David",14,29,13,"12th voted out"
"AU","AU08",8,"AU0117","Flick",15,31,14,"13th voted out"
"AU","AU08",8,"AU0019","Sam",16,33,15,"14th voted out"
"AU","AU08",8,"AU0068","Shonee",17,35,16,"15th voted out"
"AU","AU08",8,"AU0085","Shaun",18,37,17,"16th voted out"
"AU","AU08",8,"AU0119","Hayley",19,39,18,"17th voted out"
"AU","AU08",8,"AU0138","Nina",20,41,19,"18th voted out"
"AU","AU08",8,"AU0106","Simon",21,42,20,"19th voted out"
"AU","AU08",8,"AU0138","Nina",22,44,21,"20th voted out"
"AU","AU08",8,"AU0118","George",24,46,22,"21st voted out"
"AU","AU08",8,"AU0144","Gerry",24,47,23,"Runner-up"
"AU","AU08",8,"AU0146","Matt",24,47,24,"Runner-up"
"AU","AU08",8,"AU0145","Liz",24,47,25,"Sole Survivor"
"AU","AU07",7,"AU0084","Andy",1,2,1,"1st voted out"
"AU","AU07",7,"AU0131","Briana",2,5,2,"2nd voted out"
"AU","AU07",7,"AU0127","Kate",3,7,3,"3rd voted out"
"AU","AU07",7,"AU0129","Sophie",4,9,4,"4th voted out"
"AU","AU07",7,"AU0130","Alex",5,12,5,"Quit"
"AU","AU07",7,"AU0124","Jay",6,14,6,"5th voted out"
"AU","AU07",7,"US0112","Sandra",7,16,7,"6th voted out"
"AU","AU07",7,"AU0129","Sophie",8,18,8,"7th voted out"
"AU","AU07",7,"AU0120","Amy",9,20,9,"8th voted out"
"AU","AU07",7,"AU0138","Nina",10,22,10,"Medically evacuated"
"AU","AU07",7,"AU0122","Croc",11,23,11,"9th voted out"
"AU","AU07",7,"AU0121","Ben",12,24,12,"10th voted out"
"AU","AU07",7,"AU0135","Khanh",13,27,13,"11th voted out"
"AU","AU07",7,"AU0137","Mel",14,28,14,"12th voted out"
"AU","AU07",7,"AU0125","Jesse",15,30,15,"13th voted out"
"AU","AU07",7,"AU0139","Shay",16,32,16,"14th voted out"
"AU","AU07",7,"AU0133","Jordie",17,34,17,"15th voted out"
"AU","AU07",7,"AU0136","KJ",17,34,18,"16th voted out"
"AU","AU07",7,"AU0128","Michelle",18,36,19,"17th voted out"
"AU","AU07",7,"AU0126","Jordan",19,39,20,"18th voted out"
"AU","AU07",7,"AU0030","Sam",20,40,21,"19th voted out"
"AU","AU07",7,"AU0123","David",21,42,22,"20th voted out"
"AU","AU07",7,"AU0133","Jordie",22,43,23,"21st voted out"
"AU","AU07",7,"AU0136","KJ",23,45,24,"22nd voted out"
"AU","AU07",7,"AU0134","Josh",24,46,25,"23rd voted out"
"AU","AU07",7,"AU0139","Shay",24,47,26,"Runner-up"
"AU","AU07",7,"AU0132","Chrissy",24,47,27,"2nd runner-up"
"AU","AU07",7,"AU0031","Mark",24,47,28,"Sole Survivor"
"AU","AU06",6,"AU0096","Phil",1,2,1,"1st voted out"
"AU","AU06",6,"AU0097","Janelle",2,5,2,"2nd voted out"
"AU","AU06",6,"AU0098","Gavin",3,7,3,"3rd voted out"
"AU","AU06",6,"AU0099","Benny",4,9,4,"4th voted out"
"AU","AU06",6,"AU0100","Mitch",5,12,5,"5th voted out"
"AU","AU06",6,"AU0116","Cara",6,14,6,"6th voted out"
"AU","AU06",6,"AU0101","Joey",7,16,7,"7th voted out"
"AU","AU06",6,"AU0102","Daini",8,18,8,"8th voted out"
"AU","AU06",6,"AU0103","Shannon",9,19,9,"9th voted out"
"AU","AU06",6,"AU0104","Georgia",10,21,10,"10th voted out"
"AU","AU06",6,"AU0105","Rachel",11,23,11,"11th voted out"
"AU","AU06",6,"AU0106","Simon",12,25,12,"12th voted out"
"AU","AU06",6,"AU0107","Kez",13,27,13,"13th voted out"
"AU","AU06",6,"AU0109","Baden",14,31,14,"14th voted out"
"AU","AU06",6,"AU0108","Chelsea",15,31,15,"Medically evacuated"
"AU","AU06",6,"AU0119","Hayley",15,31,16,"15th voted out"
"AU","AU06",6,"AU0110","Gerald",16,33,17,"16th voted out"
"AU","AU06",6,"AU0111","Laura",17,35,18,"17th voted out"
"AU","AU06",6,"AU0112","Emmett",18,37,19,"18th voted out"
"AU","AU06",6,"AU0113","Andrew",19,39,20,"19th voted out"
"AU","AU06",6,"AU0117","Flick",20,43,21,"20th voted out"
"AU","AU06",6,"AU0114","Dani",21,43,22,"21st voted out"
"AU","AU06",6,"AU0115","Wai",22,44,23,"22nd voted out"
"AU","AU06",6,"AU0116","Cara",23,45,24,"23rd voted out"
"AU","AU06",6,"AU0117","Flick",24,47,25,"24th voted out"
"AU","AU06",6,"AU0118","George",24,48,26,"Runner-up"
"AU","AU06",6,"AU0119","Hayley",24,48,27,"Sole Survivor"
"AU","AU05",5,"AU0071","Shane",1,2,1,"1st voted out"
"AU","AU05",5,"AU0048","Jericho",2,5,2,"2nd voted out"
"AU","AU05",5,"AU0088","Daisy",3,7,3,"3rd voted out"
"AU","AU05",5,"AU0045","Michelle",4,9,4,"4th voted out"
"AU","AU05",5,"AU0039","Henry",5,12,5,"5th voted out"
"AU","AU05",5,"AU0091","Abbey",7,16,6,"6th voted out"
"AU","AU05",5,"AU0060","Lydia",8,18,7,"7th voted out"
"AU","AU05",5,"AU0087","John",9,20,8,"9th voted out"
"AU","AU05",5,"AU0063","Mat",10,22,9,"10th voted out"
"AU","AU05",5,"AU0011","Phoebe",11,24,10,"11th voted out"
"AU","AU05",5,"AU0021","Flick",12,26,11,"12th voted out"
"AU","AU05",5,"AU0014","Nick",13,28,12,"13th voted out"
"AU","AU05",5,"AU0044","Locky",14,30,13,"14th voted out"
"AU","AU05",5,"AU0092","Harry",15,32,14,"15th voted out"
"AU","AU05",5,"AU0023","Lee",16,33,15,"Medically evacuated"
"AU","AU05",5,"AU0056","Zach",18,38,16,"16th voted out"
"AU","AU05",5,"AU0032","Jacqui",19,40,17,"17th voted out"
"AU","AU05",5,"AU0068","Shonee",20,42,18,"18th voted out"
"AU","AU05",5,"AU0034","AK",21,44,19,"Eliminated"
"AU","AU05",5,"AU0028","Tarzan",22,46,20,"19th voted out"
"AU","AU05",5,"AU0018","Brooke",23,47,21,"20th voted out"
"AU","AU05",5,"AU0053","Moana",24,49,22,"21st voted out"
"AU","AU05",5,"AU0070","Sharn",24,50,23,"Runner-up"
"AU","AU05",5,"AU0086","David",24,50,24,"Sole Survivor"
"AU","AU04",4,"AU0072","Anastasia",1,2,1,"1st voted out"
"AU","AU04",4,"AU0073","Laura",2,5,2,"2nd voted out"
"AU","AU04",4,"AU0074","Susie",3,7,3,"3rd voted out"
"AU","AU04",4,"AU0075","Nova",4,10,4,"4th voted out"
"AU","AU04",4,"AU0076","Steven",5,12,5,"5th voted out"
"AU","AU04",4,"AU0077","ET",6,14,6,"6th voted out"
"AU","AU04",4,"AU0078","Sam",7,16,7,"7th voted out"
"AU","AU04",4,"AU0079","Sarah",8,18,8,"8th voted out"
"AU","AU04",4,"AU0080","Hannah",10,22,9,"9th voted out"
"AU","AU04",4,"AU0081","Casey",11,24,10,"10th voted out"
"AU","AU04",4,"AU0082","Matt",12,26,11,"11th voted out"
"AU","AU04",4,"AU0083","Ross",13,28,12,"Evacuated"
"AU","AU04",4,"AU0084","Andy",14,30,13,"12th voted out"
"AU","AU04",4,"AU0085","Shaun",15,32,14,"13th voted out"
"AU","AU04",4,"AU0086","David",16,34,15,"14th voted out"
"AU","AU04",4,"AU0087","John",17,36,16,"15th voted out"
"AU","AU04",4,"AU0088","Daisy",18,38,17,"16th voted out"
"AU","AU04",4,"AU0089","Simon",19,40,18,"17th voted out"
"AU","AU04",4,"AU0089","Simon",20,42,19,"18th voted out"
"AU","AU04",4,"AU0090","Janine",21,44,20,"19th voted out"
"AU","AU04",4,"AU0091","Abbey",22,46,21,"20th voted out"
"AU","AU04",4,"AU0042","Luke",23,47,22,"21st voted out"
"AU","AU04",4,"AU0092","Harry",24,49,23,"22nd voted out"
"AU","AU04",4,"AU0093","Baden",24,50,24,"Runner-up"
"AU","AU04",4,"AU0094","Pia",24,50,25,"Sole Survivor"
"AU","AU03",3,"AU0049","Matt",1,2,1,"1st voted out"
"AU","AU03",3,"US0300","Russell",2,5,2,"2nd voted out"
"AU","AU03",3,"AU0050","Damien",3,8,3,"3rd voted out"
"AU","AU03",3,"AU0051","Steve K.",4,11,4,"4th voted out"
"AU","AU03",3,"AU0052","Jenna",5,13,5,"5th voted out"
"AU","AU03",3,"AU0053","Moana",6,16,6,"6th voted out"
"AU","AU03",3,"AU0054","Tegan",7,18,7,"7th voted out"
"AU","AU03",3,"AU0055","Anita",8,20,8,"8th voted out"
"AU","AU03",3,"AU0056","Zach",9,22,9,"9th voted out"
"AU","AU03",3,"AU0057","Paige",10,24,10,"10th voted out"
"AU","AU03",3,"AU0058","Jackie",11,25,11,"11th voted out"
"AU","AU03",3,"AU0054","Tegan",12,28,12,"12th voted out"
"AU","AU03",3,"AU0059","Heath",13,30,13,"13th voted out"
"AU","AU03",3,"AU0060","Lydia",14,32,14,"14th voted out"
"AU","AU03",3,"AU0061","Robbie",15,33,15,"15th voted out"
"AU","AU03",3,"AU0062","Samuel",16,35,16,"16th voted out"
"AU","AU03",3,"AU0063","Mat",17,37,17,"17th voted out"
"AU","AU03",3,"AU0064","Benji",18,39,18,"18th voted out"
"AU","AU03",3,"AU0065","Steve W.",20,42,19,"19th voted out"
"AU","AU03",3,"AU0066","Fenella",21,44,20,"20th voted out"
"AU","AU03",3,"AU0067","Monika",22,46,21,"21st voted out"
"AU","AU03",3,"AU0068","Shonee",23,47,22,"22nd voted out"
"AU","AU03",3,"AU0069","Brian",24,49,23,"23rd voted out"
"AU","AU03",3,"AU0070","Sharn",24,50,24,"Runner-up"
"AU","AU03",3,"AU0071","Shane",24,50,25,"Sole Survivor"
"AU","AU02",2,"AU0025","Joan",1,3,1,"1st voted out"
"AU","AU02",2,"AU0026","Adam",2,6,2,"2nd voted out"
"AU","AU02",2,"AU0027","Kate",3,9,3,"3rd voted out"
"AU","AU02",2,"AU0028","Tarzan",4,11,4,"4th voted out"
"AU","AU02",2,"AU0029","Aimee",5,13,5,"5th voted out"
"AU","AU02",2,"AU0030","Sam",6,16,6,"6th voted out"
"AU","AU02",2,"AU0031","Mark",7,18,7,"7th voted out"
"AU","AU02",2,"AU0047","Tara",8,20,8,"8th voted out"
"AU","AU02",2,"AU0038","Anneliese",8,20,9,"9th voted out"
"AU","AU02",2,"AU0032","Jacqui",9,22,10,"10th voted out"
"AU","AU02",2,"AU0033","Kent",10,24,11,"11th voted out"
"AU","AU02",2,"AU0034","AK",12,28,12,"12th voted out"
"AU","AU02",2,"AU0035","Ben",13,30,13,"13th voted out"
"AU","AU02",2,"AU0036","Odette",15,34,14,"14th voted out"
"AU","AU02",2,"AU0037","Jarrad",16,36,15,"15th voted out"
"AU","AU02",2,"AU0038","Anneliese",17,38,16,"16th voted out"
"AU","AU02",2,"AU0039","Henry",18,40,17,"17th voted out"
"AU","AU02",2,"AU0040","Tessa",19,42,18,"18th voted out"
"AU","AU02",2,"AU0041","Sarah",20,44,19,"19th voted out"
"AU","AU02",2,"AU0042","Luke",21,46,20,"20th voted out"
"AU","AU02",2,"AU0043","Ziggy",22,47,21,"21st voted out"
"AU","AU02",2,"AU0044","Locky",23,49,22,"22nd voted out"
"AU","AU02",2,"AU0045","Michelle",25,52,23,"23rd voted out"
"AU","AU02",2,"AU0046","Peter",26,54,24,"24th voted out"
"AU","AU02",2,"AU0047","Tara",26,55,25,"Runner-up"
"AU","AU02",2,"AU0048","Jericho",26,55,26,"Sole Survivor"
"AU","AU01",1,"AU0001","Des",1,2,1,"1st voted out"
"AU","AU01",1,"AU0002","Bianca",2,5,2,"2nd voted out"
"AU","AU01",1,"AU0003","Evan",3,8,3,"3rd voted out"
"AU","AU01",1,"AU0004","Peter",4,10,4,"Quit"
"AU","AU01",1,"AU0014","Nick",5,12,5,"4th voted out"
"AU","AU01",1,"AU0012","Conner",5,12,6,"5th voted out"
"AU","AU01",1,"AU0005","Barry",6,14,7,"6th voted out"
"AU","AU01",1,"AU0006","Tegan",7,17,8,"7th voted out"
"AU","AU01",1,"AU0007","Rohan",9,21,9,"8th voted out"
"AU","AU01",1,"AU0008","Kat",10,23,10,"9th voted out"
"AU","AU01",1,"AU0009","Andrew",11,25,11,"10th voted out"
"AU","AU01",1,"AU0010","Craig",12,27,12,"11th voted out"
"AU","AU01",1,"AU0011","Phoebe",14,31,13,"12th voted out"
"AU","AU01",1,"AU0012","Conner",15,33,14,"13th voted out"
"AU","AU01",1,"AU0013","Kate",16,35,15,"14th voted out"
"AU","AU01",1,"AU0014","Nick",17,37,16,"15th voted out"
"AU","AU01",1,"AU0015","Kylie",18,39,17,"16th voted out"
"AU","AU01",1,"AU0016","Sue",19,41,18,"17th voted out"
"AU","AU01",1,"AU0017","Jennah-Louise",20,43,19,"18th voted out"
"AU","AU01",1,"AU0018","Brooke",21,45,20,"19th voted out"
"AU","AU01",1,"AU0019","Sam",23,49,21,"20th voted out"
"AU","AU01",1,"AU0020","Matt",24,51,22,"21st voted out"
"AU","AU01",1,"AU0021","Flick",25,53,23,"22nd voted out"
"AU","AU01",1,"AU0022","El",26,54,24,"23rd voted out"
"AU","AU01",1,"AU0023","Lee",26,55,25,"Runner-up"
"AU","AU01",1,"AU0024","Kristie",26,55,26,"Sole Survivor"
"SA","SA09",9,"SA0144","Chappies",2,3,1,"1st voted out"
"SA","SA09",9,"SA0100","PK",3,5,2,"2nd voted out"
"SA","SA09",9,"SA0111","Tania",4,7,3,"3rd voted out"
"SA","SA09",9,"SA0094","Tevin",5,9,4,"4th voted out"
"SA","SA09",9,"SA0088","Seamus",6,11,5,"5th voted out"
"SA","SA09",9,"SA0072","Shona",8,14,6,"6th voted out"
"SA","SA09",9,"SA0128","Pinty",9,16,7,"7th voted out"
"SA","SA09",9,"SA0131","Thoriso",10,17,8,"8th voted out"
"SA","SA09",9,"SA0098","Palesa",12,19,9,"9th voted out"
"SA","SA09",9,"SA0099","Toni",13,21,10,"10th voted out"
"SA","SA09",9,"SA0117","Dante",14,23,11,"11th voted out"
"SA","SA09",9,"SA0122","Steffi",15,25,12,"12th voted out"
"SA","SA09",9,"SA0114","Meryl",16,27,13,"13th voted out"
"SA","SA09",9,"SA0061","Tejan",18,30,14,"14th voted out"
"SA","SA09",9,"SA0110","Felix",20,33,15,"15th voted out"
"SA","SA09",9,"SA0070","Killarney",21,35,16,"16th voted out"
"SA","SA09",9,"SA0073","Phil",22,36,17,"17th voted out"
"SA","SA09",9,"SA0077","Marian",23,38,18,"18th voted out"
"SA","SA09",9,"SA0081","Shane",23,38,19,"Runner-up"
"SA","SA09",9,"SA0133","Dino",23,38,20,"Sole Survivor"
"SA","SA08",8,"SA0127","Jason",1,3,1,"1st voted out"
"SA","SA08",8,"SA0128","Pinty",2,6,2,"2nd voted out"
"SA","SA08",8,"SA0129","Mike",3,8,3,"3rd voted out"
"SA","SA08",8,"SA0130","Paul",4,11,4,"4th voted out"
"SA","SA08",8,"SA0131","Thoriso",5,13,5,"5th voted out"
"SA","SA08",8,"SA0132","Carla",5,13,6,"6th voted out"
"SA","SA08",8,"SA0133","Dino",6,16,7,"7th voted out"
"SA","SA08",8,"SA0134","Qiean",7,18,8,"8th voted out"
"SA","SA08",8,"SA0135","Marisha",8,21,9,"9th voted out"
"SA","SA08",8,"SA0136","Shaun",9,23,10,"10th voted out"
"SA","SA08",8,"SA0137","Renier",10,26,11,"11th voted out"
"SA","SA08",8,"SA0138","Amy",10,26,12,"Tied destiny"
"SA","SA08",8,"SA0139","Anesu",11,28,13,"12th voted out"
"SA","SA08",8,"SA0140","Wardah",12,30,14,"13th voted out"
"SA","SA08",8,"SA0141","Santoni",13,33,15,"Eliminated"
"SA","SA08",8,"SA0142","Kiran",14,35,16,"14th voted out"
"SA","SA08",8,"SA0143","Tyson",15,37,17,"15th voted out"
"SA","SA08",8,"SA0144","Chappies",16,38,18,"16th voted out"
"SA","SA08",8,"SA0145","Anela",16,39,19,"Runner-up"
"SA","SA08",8,"SA0146","Nicole",16,39,20,"Sole Survivor"
"SA","SA07",7,"SA0106","Lee-Anne",1,3,1,"1st voted out"
"SA","SA07",7,"SA0107","Paul",2,5,2,"2nd voted out"
"SA","SA07",7,"SA0108","Ting Ting",3,7,3,"3rd voted out"
"SA","SA07",7,"SA0109","Rose-Lee",4,9,4,"4th voted out"
"SA","SA07",7,"SA0110","Felix",5,12,5,"5th voted out"
"SA","SA07",7,"SA0111","Tania",6,14,6,"6th voted out"
"SA","SA07",7,"SA0112","Rocco",7,16,7,"7th voted out"
"SA","SA07",7,"SA0113","Nathan",8,19,8,"8th voted out"
"SA","SA07",7,"SA0114","Meryl",9,22,9,"9th voted out"
"SA","SA07",7,"SA0115","Geoffrey",10,24,10,"10th voted out"
"SA","SA07",7,"SA0116","Seipei",11,26,11,"11th voted out"
"SA","SA07",7,"SA0117","Dante",12,28,12,"12th voted out"
"SA","SA07",7,"SA0118","Cobus",13,30,13,"13th voted out"
"SA","SA07",7,"SA0119","Mmaba",14,32,14,"14th voted out"
"SA","SA07",7,"SA0120","Jacques",15,34,15,"15th voted out"
"SA","SA07",7,"SA0121","Mike",16,35,16,"16th voted out"
"SA","SA07",7,"SA0122","Steffi",17,37,17,"Eliminated"
"SA","SA07",7,"SA0123","Laetitia",18,38,18,"17th voted out"
"SA","SA07",7,"SA0124","Durao",18,39,19,"2nd runner-up"
"SA","SA07",7,"SA0125","Nicole",18,39,20,"Runner-up"
"SA","SA07",7,"SA0126","Rob",18,39,21,"Sole Survivor"
"SA","SA06",6,"SA0088","Seamus",1,3,1,"1st voted out"
"SA","SA06",6,"SA0089","Neil",2,6,2,"Eliminated"
"SA","SA06",6,"SA0090","Stacey-Lee",3,8,3,"2nd voted out"
"SA","SA06",6,"SA0091","Ace",4,11,4,"3rd voted out"
"SA","SA06",6,"SA0092","Murishca",5,13,5,"4th voted out"
"SA","SA06",6,"SA0093","Marthunis",6,16,6,"Quit"
"SA","SA06",6,"SA0094","Tevin",7,18,7,"5th voted out"
"SA","SA06",6,"SA0095","Josie",8,21,8,"6th voted out"
"SA","SA06",6,"SA0096","Vusi",9,25,9,"7th voted out"
"SA","SA06",6,"SA0097","Chane",10,27,10,"8th voted out"
"SA","SA06",6,"SA0098","Palesa",11,29,11,"9th voted out"
"SA","SA06",6,"SA0099","Toni",12,30,12,"10th voted out"
"SA","SA06",6,"SA0100","PK",13,33,13,"11th voted out"
"SA","SA06",6,"SA0101","Katinka",14,35,14,"12th voted out"
"SA","SA06",6,"SA0102","Werner",15,37,15,"13th voted out"
"SA","SA06",6,"SA0103","Annalize",16,38,16,"14th voted out"
"SA","SA06",6,"SA0104","Jeanne",16,39,17,"Runner-up"
"SA","SA06",6,"SA0105","Tom",16,39,18,"Sole Survivor"
"SA","SA05",5,"SA0068","Ashleigh",2,3,1,"1st voted out"
"SA","SA05",5,"SA0069","Marsha",3,5,2,"2nd voted out"
"SA","SA05",5,"SA0070","Killarney",4,7,3,"3rd voted out"
"SA","SA05",5,"SA0071","Zan",5,9,4,"4th voted out"
"SA","SA05",5,"SA0072","Shona",5,9,5,"5th voted out"
"SA","SA05",5,"SA0073","Phil",6,11,6,"6th voted out"
"SA","SA05",5,"SA0074","Gena",7,13,7,"7th voted out"
"SA","SA05",5,"SA0075","Sonette",8,15,8,"8th voted out"
"SA","SA05",5,"SA0076","Stephen",9,17,9,"9th voted out"
"SA","SA05",5,"SA0077","Marian",11,19,10,"10th voted out"
"SA","SA05",5,"SA0078","Solly",12,20,11,"11th voted out"
"SA","SA05",5,"SA0079","Moyra",13,21,12,"12th voted out"
"SA","SA05",5,"SA0080","Vel",13,21,13,"13th voted out"
"SA","SA05",5,"SA0081","Shane",14,22,14,"14th voted out"
"SA","SA05",5,"SA0082","Altaaf",15,24,15,"15th voted out"
"SA","SA05",5,"SA0083","Zavion",16,25,16,"16th voted out"
"SA","SA05",5,"SA0084","David",17,26,17,"17th voted out"
"SA","SA05",5,"SA0085","Sivu",18,27,18,"2nd runner-up"
"SA","SA05",5,"SA0086","Buhle",18,27,19,"Runner-up"
"SA","SA05",5,"SA0087","Graham",18,27,20,"Sole Survivor"
"SA","SA04",4,"SA0049","Lukhanyo",1,3,1,"1st voted out"
"SA","SA04",4,"SA0050","Philicity",2,5,2,"2nd voted out"
"SA","SA04",4,"SA0051","Tshepo",3,7,3,"3rd voted out"
"SA","SA04",4,"SA0052","Tasleem",4,9,4,"4th voted out"
"SA","SA04",4,"SA0053","Carmel",5,11,5,"5th voted out"
"SA","SA04",4,"SA0054","Jacques",6,13,6,"Quit"
"SA","SA04",4,"SA0055","Sindi",6,13,7,"6th voted out"
"SA","SA04",4,"SA0056","Vanessa",7,15,8,"Medically evacuated"
"SA","SA04",4,"SA0057","Roxy",7,15,9,"7th voted out"
"SA","SA04",4,"SA0058","Harry",7,15,10,"8th voted out"
"SA","SA04",4,"SA0059","Simon",8,17,11,"9th voted out"
"SA","SA04",4,"SA0060","Malusi",9,19,12,"10th voted out"
"SA","SA04",4,"SA0061","Tejan",10,21,13,"11th voted out"
"SA","SA04",4,"SA0062","Sean",11,23,14,"12th voted out"
"SA","SA04",4,"SA0063","Alison",12,25,15,"13th voted out"
"SA","SA04",4,"SA0064","Mxo",13,26,16,"14th voted out"
"SA","SA04",4,"SA0065","Bonnie",13,27,17,"15th voted out"
"SA","SA04",4,"SA0066","Letshego",14,27,18,"Runner-up"
"SA","SA04",4,"SA0067","Hykie",14,27,19,"Sole Survivor"
"SA","SA03",3,"SA0031","Christina",1,3,1,"Quit"
"SA","SA03",3,"SA0032","Garth",1,3,2,"1st voted out"
"SA","SA03",3,"SA0033","Jub Jub",2,6,3,"Quit"
"SA","SA03",3,"SA0034","Cindy",2,6,4,"2nd voted out"
"SA","SA03",3,"SA0035","Craig",3,9,5,"3rd voted out"
"SA","SA03",3,"SA0036","Lady Lea",4,11,6,"4th voted out"
"SA","SA03",3,"SA0037","Darren",5,12,7,"5th voted out"
"SA","SA03",3,"SA0038","Sandi",6,14,8,"6th voted out"
"SA","SA03",3,"SA0039","Hanna",7,15,9,"7th voted out"
"SA","SA03",3,"SA0040","Louw",8,17,10,"8th voted out"
"SA","SA03",3,"SA0041","Okkert",9,19,11,"9th voted out"
"SA","SA03",3,"SA0042","Gys",10,21,12,"10th voted out"
"SA","SA03",3,"SA0043","Izak",11,23,13,"11th voted out"
"SA","SA03",3,"SA0044","Kaseran",12,25,14,"12th voted out"
"SA","SA03",3,"SA0045","Sade",13,26,15,"13th voted out"
"SA","SA03",3,"SA0046","ProVerb",13,27,16,"14th voted out"
"SA","SA03",3,"SA0047","Ashley",14,27,17,"Runner-up"
"SA","SA03",3,"SA0048","GiGi",14,27,18,"Sole Survivor"
"SA","SA02",2,"SA0015","Nomfundo",1,3,1,"1st voted out"
"SA","SA02",2,"SA0016","Nicola",2,5,2,"2nd voted out"
"SA","SA02",2,"SA0017","Viwe",3,7,3,"3rd voted out"
"SA","SA02",2,"SA0018","Elise",4,9,4,"4th voted out"
"SA","SA02",2,"SA0019","Nichal",5,11,5,"5th voted out"
"SA","SA02",2,"SA0020","Rijesh",6,13,6,"6th voted out"
"SA","SA02",2,"SA0021","Lisa",7,15,7,"7th voted out"
"SA","SA02",2,"SA0022","Irshaad",8,17,8,"8th voted out"
"SA","SA02",2,"SA0023","Hein",9,19,9,"9th voted out"
"SA","SA02",2,"SA0024","Dyke",10,21,10,"10th voted out"
"SA","SA02",2,"SA0025","Angela",11,23,11,"11th voted out"
"SA","SA02",2,"SA0026","Angie",12,25,12,"12th voted out"
"SA","SA02",2,"SA0027","Mandla",13,26,13,"Eliminated"
"SA","SA02",2,"SA0028","Amanda",13,27,14,"13th voted out"
"SA","SA02",2,"SA0029","Grant",13,27,15,"Runner-up"
"SA","SA02",2,"SA0030","Lorette",13,27,16,"Sole Survivor"
"SA","SA01",1,"SA0001","Don",1,3,1,"1st voted out"
"SA","SA01",1,"SA0002","Sam",2,6,2,"2nd voted out"
"SA","SA01",1,"SA0003","Jude",3,8,3,"Quit"
"SA","SA01",1,"SA0004","Ncumisa",4,10,4,"3rd voted out"
"SA","SA01",1,"SA0005","Sanele",5,12,5,"Medically evacuated"
"SA","SA01",1,"SA0006","Danielle",6,14,6,"4th voted out"
"SA","SA01",1,"SA0007","Nico",7,16,7,"5th voted out"
"SA","SA01",1,"SA0008","Brigitte",8,19,8,"6th voted out"
"SA","SA01",1,"SA0009","Mzi",9,20,9,"7th voted out"
"SA","SA01",1,"SA0010","Vanessa",10,22,10,"8th voted out"
"SA","SA01",1,"SA0011","Lezel",11,24,11,"9th voted out"
"SA","SA01",1,"SA0012","Gareth",12,27,12,"10th voted out"
"SA","SA01",1,"SA0013","Zayn",13,28,13,"Eliminated"
"SA","SA01",1,"SA0009","Mzi",13,29,14,"Eliminated"
"SA","SA01",1,"SA0014","Jacinda",13,29,15,"Runner-up"
"SA","SA01",1,"SA0010","Vanessa",13,29,16,"Sole Survivor"
"UK","UK03",3,"UK0043","Richard",1,2,1,"1st voted out"
"UK","UK03",3,"UK0044","Sabrina",2,5,2,"2nd voted out"
"UK","UK03",3,"UK0040","Rach",3,7,3,"3rd voted out"
"UK","UK03",3,"UK0041","Rachel",5,13,4,"4th voted out"
"UK","UK03",3,"UK0042","Ren",6,15,5,"5th voted out"
"UK","UK03",3,"UK0033","Jess",7,17,6,"6th voted out"
"UK","UK03",3,"UK0045","Shai",8,18,7,"7th voted out"
"UK","UK03",3,"UK0035","Lee",9,20,8,"8th voted out"
"UK","UK03",3,"UK0029","Ashleigh",10,21,9,"9th voted out"
"UK","UK03",3,"UK0031","Doug",11,24,10,"10th voted out"
"UK","UK03",3,"UK0046","Tinuke",12,26,11,"11th voted out"
"UK","UK03",3,"UK0034","Laurence",13,28,12,"12th voted out"
"UK","UK03",3,"UK0038","Nathan",14,30,13,"13th voted out"
"UK","UK03",3,"UK0039","Pegleg",15,32,14,"14th voted out"
"UK","UK03",3,"UK0032","Hannah",16,33,15,"15th voted out"
"UK","UK03",3,"UK0030","Christopher",16,34,16,"Runner-up"
"UK","UK03",3,"UK0036","Leilani",16,34,17,"Runner-up"
"UK","UK03",3,"UK0037","Matthew",16,34,18,"Sole Survivor"
"UK","UK02",2,"UK0017","Sarah",1,4,1,"1st voted out"
"UK","UK02",2,"UK0018","Lee",2,7,2,"2nd voted out"
"UK","UK02",2,"UK0019","Tayfun",3,10,3,"3rd voted out"
"UK","UK02",2,"UK0020","Meeta",4,13,4,"4th voted out"
"UK","UK02",2,"UK0021","Helen",6,20,5,"5th voted out"
"UK","UK02",2,"UK0022","Alastair",7,23,6,"6th voted out"
"UK","UK02",2,"UK0023","Drew",8,26,7,"7th voted out"
"UK","UK02",2,"UK0024","Dave",9,29,8,"8th voted out"
"UK","UK02",2,"UK0025","Bridget",10,32,9,"9th voted out"
"UK","UK02",2,"UK0026","John",11,35,10,"10th voted out"
"UK","UK02",2,"UK0027","Susannah",12,37,11,"Runner-up"
"UK","UK02",2,"UK0028","Jonny",12,37,12,"Sole Survivor"
"UK","UK01",1,"UK0001","Nick",1,4,1,"1st voted out"
"UK","UK01",1,"UK0002","JJ",2,7,2,"2nd voted out"
"UK","UK01",1,"UK0003","Uzma",3,10,3,"3rd voted out"
"UK","UK01",1,"UK0004","Sarah",4,13,4,"4th voted out"
"UK","UK01",1,"UK0005","Jayne",5,16,5,"5th voted out"
"UK","UK01",1,"UK0006","Adrian",6,19,6,"6th voted out"
"UK","UK01",1,"UK0007","Simon",7,22,7,"7th voted out"
"UK","UK01",1,"UK0008","Andy",8,25,8,"8th voted out"
"UK","UK01",1,"UK0009","James",9,28,9,"9th voted out"
"UK","UK01",1,"UK0010","Pete",10,31,10,"10th voted out"
"UK","UK01",1,"UK0011","Zoe",11,34,11,"11th voted out"
"UK","UK01",1,"UK0012","Eve",12,37,12,"12th voted out"
"UK","UK01",1,"UK0013","Mick",13,38,13,"13th voted out"
"UK","UK01",1,"UK0014","Richard",13,39,14,"14th voted out"
"UK","UK01",1,"UK0015","Jackie",14,40,15,"Runner-up"
"UK","UK01",1,"UK0016","Charlotte",14,40,16,"Sole Survivor"
"NZ","NZ02",2,"NZ0017","Jose",1,3,1,"1st voted out"
"NZ","NZ02",2,"NZ0018","Karla",2,6,2,"2nd voted out"
"NZ","NZ02",2,"NZ0019","Franky",3,9,3,"3rd voted out"
"NZ","NZ02",2,"NZ0020","Kaysha",4,12,4,"4th voted out"
"NZ","NZ02",2,"NZ0021","Liam",5,15,5,"5th voted out"
"NZ","NZ02",2,"NZ0022","Josh",6,18,6,"6th voted out"
"NZ","NZ02",2,"NZ0023","JT",7,20,7,"Quit"
"NZ","NZ02",2,"NZ0024","Dylan",7,20,8,"7th voted out"
"NZ","NZ02",2,"NZ0025","Arun",8,24,9,"8th voted out"
"NZ","NZ02",2,"NZ0026","Brad",9,26,10,"9th voted out"
"NZ","NZ02",2,"NZ0027","Renee",10,29,11,"10th voted out"
"NZ","NZ02",2,"NZ0028","Eve",11,31,12,"11th voted out"
"NZ","NZ02",2,"NZ0029","Matt",12,33,13,"12th voted out"
"NZ","NZ02",2,"NZ0030","Adam",13,36,14,"13th voted out"
"NZ","NZ02",2,"NZ0031","Tara",14,38,15,"14th voted out"
"NZ","NZ02",2,"NZ0032","Dave",15,39,16,"2nd runner-up"
"NZ","NZ02",2,"NZ0033","Tess",15,39,17,"Runner-up"
"NZ","NZ02",2,"NZ0034","Lisa",15,39,18,"Sole Survivor"
"NZ","NZ01",1,"NZ0001","Hannah",1,1,1,"1st voted out"
"NZ","NZ01",1,"NZ0002","Dee",1,1,2,"2nd voted out"
"NZ","NZ01",1,"NZ0003","Tony",2,4,3,"3rd voted out"
"NZ","NZ01",1,"NZ0004","Izzy",4,8,4,"4th voted out"
"NZ","NZ01",1,"NZ0005","Lou",5,10,5,"Medically evacuated"
"NZ","NZ01",1,"NZ0006","Georgia",6,12,6,"5th voted out"
"NZ","NZ01",1,"NZ0007","Shay",8,16,7,"6th voted out"
"NZ","NZ01",1,"NZ0008","Lee",10,20,8,"7th voted out"
"NZ","NZ01",1,"NZ0009","Mike",11,20,9,"8th voted out"
"NZ","NZ01",1,"NZ0010","Sala",12,24,10,"9th voted out"
"NZ","NZ01",1,"NZ0011","Jak",13,26,11,"10th voted out"
"NZ","NZ01",1,"NZ0012","Shannon",14,28,12,"11th voted out"
"NZ","NZ01",1,"NZ0007","Shay",16,32,13,"12th voted out"
"NZ","NZ01",1,"NZ0013","Nate",18,35,14,"13th voted out"
"NZ","NZ01",1,"NZ0009","Mike",19,37,15,"14th voted out"
"NZ","NZ01",1,"NZ0013","Nate",19,38,16,"15th voted out"
"NZ","NZ01",1,"NZ0014","Barb",20,39,17,"2nd runner-up"
"NZ","NZ01",1,"NZ0015","Tom",20,39,18,"Runner-up"
"NZ","NZ01",1,"NZ0016","Avi",20,39,19,"Sole Survivor"
